"Organ_Pair","Organ1","Organ2","Gene_Organ1","Gene_Organ2","Correlation","P_value","N","Gene1","Gene2","Group","Analysis_Note","Significance","Significant"
"Pancreas_vs_Kidney","Pancreas","Kidney","Pancreas_Tbc1d4","Kidney_Tbc1d4",0.0479944093016788,0.882250760371543,12,"Tbc1d4","Tbc1d4","All_Groups","Metabolic-immune axis (n=12)","p>0.05",FALSE
"Pancreas_vs_Kidney","Pancreas","Kidney","Pancreas_Mafa","Kidney_Tbc1d4",0.170026268386242,0.597290354081294,12,"Mafa","Tbc1d4","All_Groups","Metabolic-immune axis (n=12)","p>0.05",FALSE
"Pancreas_vs_Kidney","Pancreas","Kidney","Pancreas_Ins1","Kidney_Tbc1d4",0.489275068850553,0.324651198841213,6,"Ins1","Tbc1d4","All_Groups","Metabolic-immune axis (n=12)","p>0.05",FALSE
"Pancreas_vs_Kidney","Pancreas","Kidney","Pancreas_Ins2","Kidney_Tbc1d4",0.197197476469126,0.539006795739041,12,"Ins2","Tbc1d4","All_Groups","Metabolic-immune axis (n=12)","p>0.05",FALSE
"Pancreas_vs_Kidney","Pancreas","Kidney","Pancreas_Srr","Kidney_Tbc1d4",-0.449234202551131,0.142900029092537,12,"Srr","Tbc1d4","All_Groups","Metabolic-immune axis (n=12)","p>0.05",FALSE
"Pancreas_vs_Kidney","Pancreas","Kidney","Pancreas_Glp1r","Kidney_Tbc1d4",0.108538153651964,0.798083609596178,8,"Glp1r","Tbc1d4","All_Groups","Metabolic-immune axis (n=12)","p>0.05",FALSE
"Pancreas_vs_Kidney","Pancreas","Kidney","Pancreas_Zfand6","Kidney_Tbc1d4",0.428582263690828,0.164495485672616,12,"Zfand6","Tbc1d4","All_Groups","Metabolic-immune axis (n=12)","p>0.05",FALSE
"Pancreas_vs_Kidney","Pancreas","Kidney","Pancreas_Ghrhr","Kidney_Tbc1d4",-0.518949773615445,0.124285196857623,10,"Ghrhr","Tbc1d4","All_Groups","Metabolic-immune axis (n=12)","p>0.05",FALSE
"Pancreas_vs_Kidney","Pancreas","Kidney","Pancreas_Insr","Kidney_Tbc1d4",-0.114491961779936,0.737475401646565,11,"Insr","Tbc1d4","All_Groups","Metabolic-immune axis (n=12)","p>0.05",FALSE
"Pancreas_vs_Kidney","Pancreas","Kidney","Pancreas_Glut1","Kidney_Tbc1d4",-0.416638171966551,0.231014231600093,10,"Glut1","Tbc1d4","All_Groups","Metabolic-immune axis (n=12)","p>0.05",FALSE
"Pancreas_vs_Kidney","Pancreas","Kidney","Pancreas_Tcf19","Kidney_Tbc1d4",0.654892724826841,0.0779944699090278,8,"Tcf19","Tbc1d4","All_Groups","Metabolic-immune axis (n=12)","p>0.05",FALSE
"Pancreas_vs_Kidney","Pancreas","Kidney","Pancreas_Tbc1d4","Kidney_Mafa",0.499772415787279,0.0980319316352804,12,"Tbc1d4","Mafa","All_Groups","Metabolic-immune axis (n=12)","p>0.05",FALSE
"Pancreas_vs_Kidney","Pancreas","Kidney","Pancreas_Mafa","Kidney_Mafa",-0.138684770866048,0.667307693981526,12,"Mafa","Mafa","All_Groups","Metabolic-immune axis (n=12)","p>0.05",FALSE
"Pancreas_vs_Kidney","Pancreas","Kidney","Pancreas_Ins1","Kidney_Mafa",0.654498690060225,0.158435287515004,6,"Ins1","Mafa","All_Groups","Metabolic-immune axis (n=12)","p>0.05",FALSE
"Pancreas_vs_Kidney","Pancreas","Kidney","Pancreas_Ins2","Kidney_Mafa",-0.332129779961467,0.291544029866804,12,"Ins2","Mafa","All_Groups","Metabolic-immune axis (n=12)","p>0.05",FALSE
"Pancreas_vs_Kidney","Pancreas","Kidney","Pancreas_Srr","Kidney_Mafa",-0.417824588132005,0.176517685552657,12,"Srr","Mafa","All_Groups","Metabolic-immune axis (n=12)","p>0.05",FALSE
"Pancreas_vs_Kidney","Pancreas","Kidney","Pancreas_Glp1r","Kidney_Mafa",-0.573202023628051,0.137456304720549,8,"Glp1r","Mafa","All_Groups","Metabolic-immune axis (n=12)","p>0.05",FALSE
"Pancreas_vs_Kidney","Pancreas","Kidney","Pancreas_Zfand6","Kidney_Mafa",0.493548020410396,0.102965291815613,12,"Zfand6","Mafa","All_Groups","Metabolic-immune axis (n=12)","p>0.05",FALSE
"Pancreas_vs_Kidney","Pancreas","Kidney","Pancreas_Ghrhr","Kidney_Mafa",-0.310732394580397,0.382188915739191,10,"Ghrhr","Mafa","All_Groups","Metabolic-immune axis (n=12)","p>0.05",FALSE
"Pancreas_vs_Kidney","Pancreas","Kidney","Pancreas_Insr","Kidney_Mafa",-0.365994257994128,0.268307459382221,11,"Insr","Mafa","All_Groups","Metabolic-immune axis (n=12)","p>0.05",FALSE
"Pancreas_vs_Kidney","Pancreas","Kidney","Pancreas_Glut1","Kidney_Mafa",-0.443660539454844,0.199018662570687,10,"Glut1","Mafa","All_Groups","Metabolic-immune axis (n=12)","p>0.05",FALSE
"Pancreas_vs_Kidney","Pancreas","Kidney","Pancreas_Tcf19","Kidney_Mafa",0.0331719655174293,0.93784817677275,8,"Tcf19","Mafa","All_Groups","Metabolic-immune axis (n=12)","p>0.05",FALSE
"Pancreas_vs_Kidney","Pancreas","Kidney","Pancreas_Tbc1d4","Kidney_Ins1",NA,NA,NA,"Tbc1d4","Ins1","All_Groups","Metabolic-immune axis (n=12)","p>0.05",NA
"Pancreas_vs_Kidney","Pancreas","Kidney","Pancreas_Mafa","Kidney_Ins1",NA,NA,NA,"Mafa","Ins1","All_Groups","Metabolic-immune axis (n=12)","p>0.05",NA
"Pancreas_vs_Kidney","Pancreas","Kidney","Pancreas_Ins1","Kidney_Ins1",NA,NA,NA,"Ins1","Ins1","All_Groups","Metabolic-immune axis (n=12)","p>0.05",NA
"Pancreas_vs_Kidney","Pancreas","Kidney","Pancreas_Ins2","Kidney_Ins1",NA,NA,NA,"Ins2","Ins1","All_Groups","Metabolic-immune axis (n=12)","p>0.05",NA
"Pancreas_vs_Kidney","Pancreas","Kidney","Pancreas_Srr","Kidney_Ins1",NA,NA,NA,"Srr","Ins1","All_Groups","Metabolic-immune axis (n=12)","p>0.05",NA
"Pancreas_vs_Kidney","Pancreas","Kidney","Pancreas_Glp1r","Kidney_Ins1",NA,NA,NA,"Glp1r","Ins1","All_Groups","Metabolic-immune axis (n=12)","p>0.05",NA
"Pancreas_vs_Kidney","Pancreas","Kidney","Pancreas_Zfand6","Kidney_Ins1",NA,NA,NA,"Zfand6","Ins1","All_Groups","Metabolic-immune axis (n=12)","p>0.05",NA
"Pancreas_vs_Kidney","Pancreas","Kidney","Pancreas_Ghrhr","Kidney_Ins1",NA,NA,NA,"Ghrhr","Ins1","All_Groups","Metabolic-immune axis (n=12)","p>0.05",NA
"Pancreas_vs_Kidney","Pancreas","Kidney","Pancreas_Insr","Kidney_Ins1",NA,NA,NA,"Insr","Ins1","All_Groups","Metabolic-immune axis (n=12)","p>0.05",NA
"Pancreas_vs_Kidney","Pancreas","Kidney","Pancreas_Glut1","Kidney_Ins1",NA,NA,NA,"Glut1","Ins1","All_Groups","Metabolic-immune axis (n=12)","p>0.05",NA
"Pancreas_vs_Kidney","Pancreas","Kidney","Pancreas_Tcf19","Kidney_Ins1",NA,NA,NA,"Tcf19","Ins1","All_Groups","Metabolic-immune axis (n=12)","p>0.05",NA
"Pancreas_vs_Kidney","Pancreas","Kidney","Pancreas_Tbc1d4","Kidney_Ins2",0.162490217780521,0.61386874954773,12,"Tbc1d4","Ins2","All_Groups","Metabolic-immune axis (n=12)","p>0.05",FALSE
"Pancreas_vs_Kidney","Pancreas","Kidney","Pancreas_Mafa","Kidney_Ins2",0.000699578740234222,0.998278381567392,12,"Mafa","Ins2","All_Groups","Metabolic-immune axis (n=12)","p>0.05",FALSE
"Pancreas_vs_Kidney","Pancreas","Kidney","Pancreas_Ins1","Kidney_Ins2",0.517143286925622,0.293436740563533,6,"Ins1","Ins2","All_Groups","Metabolic-immune axis (n=12)","p>0.05",FALSE
"Pancreas_vs_Kidney","Pancreas","Kidney","Pancreas_Ins2","Kidney_Ins2",-0.570552793084769,0.0527149397922476,12,"Ins2","Ins2","All_Groups","Metabolic-immune axis (n=12)","p>0.05",FALSE
"Pancreas_vs_Kidney","Pancreas","Kidney","Pancreas_Srr","Kidney_Ins2",-0.0122085448463485,0.969961504145753,12,"Srr","Ins2","All_Groups","Metabolic-immune axis (n=12)","p>0.05",FALSE
"Pancreas_vs_Kidney","Pancreas","Kidney","Pancreas_Glp1r","Kidney_Ins2",-0.340647624612727,0.408976866805365,8,"Glp1r","Ins2","All_Groups","Metabolic-immune axis (n=12)","p>0.05",FALSE
"Pancreas_vs_Kidney","Pancreas","Kidney","Pancreas_Zfand6","Kidney_Ins2",-0.00928852136843059,0.977144158776423,12,"Zfand6","Ins2","All_Groups","Metabolic-immune axis (n=12)","p>0.05",FALSE
"Pancreas_vs_Kidney","Pancreas","Kidney","Pancreas_Ghrhr","Kidney_Ins2",0.113596675072012,0.754689123362745,10,"Ghrhr","Ins2","All_Groups","Metabolic-immune axis (n=12)","p>0.05",FALSE
"Pancreas_vs_Kidney","Pancreas","Kidney","Pancreas_Insr","Kidney_Ins2",-0.673965067080642,0.0229650800243342,11,"Insr","Ins2","All_Groups","Metabolic-immune axis (n=12)","p<0.05",TRUE
"Pancreas_vs_Kidney","Pancreas","Kidney","Pancreas_Glut1","Kidney_Ins2",0.0452225826430463,0.901277660853676,10,"Glut1","Ins2","All_Groups","Metabolic-immune axis (n=12)","p>0.05",FALSE
"Pancreas_vs_Kidney","Pancreas","Kidney","Pancreas_Tcf19","Kidney_Ins2",0.198355447409173,0.637723729259974,8,"Tcf19","Ins2","All_Groups","Metabolic-immune axis (n=12)","p>0.05",FALSE
"Pancreas_vs_Kidney","Pancreas","Kidney","Pancreas_Tbc1d4","Kidney_Srr",-0.256200628985603,0.421526884928314,12,"Tbc1d4","Srr","All_Groups","Metabolic-immune axis (n=12)","p>0.05",FALSE
"Pancreas_vs_Kidney","Pancreas","Kidney","Pancreas_Mafa","Kidney_Srr",0.163535776191305,0.61155848412916,12,"Mafa","Srr","All_Groups","Metabolic-immune axis (n=12)","p>0.05",FALSE
"Pancreas_vs_Kidney","Pancreas","Kidney","Pancreas_Ins1","Kidney_Srr",-0.466022710501792,0.35157068019043,6,"Ins1","Srr","All_Groups","Metabolic-immune axis (n=12)","p>0.05",FALSE
"Pancreas_vs_Kidney","Pancreas","Kidney","Pancreas_Ins2","Kidney_Srr",-0.0598010355402733,0.853532856968319,12,"Ins2","Srr","All_Groups","Metabolic-immune axis (n=12)","p>0.05",FALSE
"Pancreas_vs_Kidney","Pancreas","Kidney","Pancreas_Srr","Kidney_Srr",-0.111522570091345,0.730050499746402,12,"Srr","Srr","All_Groups","Metabolic-immune axis (n=12)","p>0.05",FALSE
"Pancreas_vs_Kidney","Pancreas","Kidney","Pancreas_Glp1r","Kidney_Srr",0.199107288848417,0.636423177879028,8,"Glp1r","Srr","All_Groups","Metabolic-immune axis (n=12)","p>0.05",FALSE
"Pancreas_vs_Kidney","Pancreas","Kidney","Pancreas_Zfand6","Kidney_Srr",-0.153290248890265,0.634334170615742,12,"Zfand6","Srr","All_Groups","Metabolic-immune axis (n=12)","p>0.05",FALSE
"Pancreas_vs_Kidney","Pancreas","Kidney","Pancreas_Ghrhr","Kidney_Srr",-0.479130333691956,0.161180132304175,10,"Ghrhr","Srr","All_Groups","Metabolic-immune axis (n=12)","p>0.05",FALSE
"Pancreas_vs_Kidney","Pancreas","Kidney","Pancreas_Insr","Kidney_Srr",-0.115723801115665,0.734738235386877,11,"Insr","Srr","All_Groups","Metabolic-immune axis (n=12)","p>0.05",FALSE
"Pancreas_vs_Kidney","Pancreas","Kidney","Pancreas_Glut1","Kidney_Srr",0.0638417375999143,0.860914004821369,10,"Glut1","Srr","All_Groups","Metabolic-immune axis (n=12)","p>0.05",FALSE
"Pancreas_vs_Kidney","Pancreas","Kidney","Pancreas_Tcf19","Kidney_Srr",0.20524621309627,0.625834518694668,8,"Tcf19","Srr","All_Groups","Metabolic-immune axis (n=12)","p>0.05",FALSE
"Pancreas_vs_Kidney","Pancreas","Kidney","Pancreas_Tbc1d4","Kidney_Glp1r",-0.33963793614344,0.280097267795219,12,"Tbc1d4","Glp1r","All_Groups","Metabolic-immune axis (n=12)","p>0.05",FALSE
"Pancreas_vs_Kidney","Pancreas","Kidney","Pancreas_Mafa","Kidney_Glp1r",0.223214256244921,0.485578333194628,12,"Mafa","Glp1r","All_Groups","Metabolic-immune axis (n=12)","p>0.05",FALSE
"Pancreas_vs_Kidney","Pancreas","Kidney","Pancreas_Ins1","Kidney_Glp1r",0.0944531607784047,0.858741586026891,6,"Ins1","Glp1r","All_Groups","Metabolic-immune axis (n=12)","p>0.05",FALSE
"Pancreas_vs_Kidney","Pancreas","Kidney","Pancreas_Ins2","Kidney_Glp1r",-0.436339233490071,0.156156537144205,12,"Ins2","Glp1r","All_Groups","Metabolic-immune axis (n=12)","p>0.05",FALSE
"Pancreas_vs_Kidney","Pancreas","Kidney","Pancreas_Srr","Kidney_Glp1r",0.416800350649916,0.177690168749326,12,"Srr","Glp1r","All_Groups","Metabolic-immune axis (n=12)","p>0.05",FALSE
"Pancreas_vs_Kidney","Pancreas","Kidney","Pancreas_Glp1r","Kidney_Glp1r",0.0646572033006446,0.879105198712708,8,"Glp1r","Glp1r","All_Groups","Metabolic-immune axis (n=12)","p>0.05",FALSE
"Pancreas_vs_Kidney","Pancreas","Kidney","Pancreas_Zfand6","Kidney_Glp1r",-0.418307669756323,0.17596636828958,12,"Zfand6","Glp1r","All_Groups","Metabolic-immune axis (n=12)","p>0.05",FALSE
"Pancreas_vs_Kidney","Pancreas","Kidney","Pancreas_Ghrhr","Kidney_Glp1r",0.903482623165292,0.000337435535959267,10,"Ghrhr","Glp1r","All_Groups","Metabolic-immune axis (n=12)","p<0.001",TRUE
"Pancreas_vs_Kidney","Pancreas","Kidney","Pancreas_Insr","Kidney_Glp1r",-0.431823610962594,0.184754763940099,11,"Insr","Glp1r","All_Groups","Metabolic-immune axis (n=12)","p>0.05",FALSE
"Pancreas_vs_Kidney","Pancreas","Kidney","Pancreas_Glut1","Kidney_Glp1r",0.13376595331287,0.712566826296792,10,"Glut1","Glp1r","All_Groups","Metabolic-immune axis (n=12)","p>0.05",FALSE
"Pancreas_vs_Kidney","Pancreas","Kidney","Pancreas_Tcf19","Kidney_Glp1r",0.280061156248918,0.501697221976349,8,"Tcf19","Glp1r","All_Groups","Metabolic-immune axis (n=12)","p>0.05",FALSE
"Pancreas_vs_Kidney","Pancreas","Kidney","Pancreas_Tbc1d4","Kidney_Zfand6",0.105953439548236,0.743118858666627,12,"Tbc1d4","Zfand6","All_Groups","Metabolic-immune axis (n=12)","p>0.05",FALSE
"Pancreas_vs_Kidney","Pancreas","Kidney","Pancreas_Mafa","Kidney_Zfand6",-0.193628145544742,0.546523890312256,12,"Mafa","Zfand6","All_Groups","Metabolic-immune axis (n=12)","p>0.05",FALSE
"Pancreas_vs_Kidney","Pancreas","Kidney","Pancreas_Ins1","Kidney_Zfand6",0.790548612088184,0.0612105218122761,6,"Ins1","Zfand6","All_Groups","Metabolic-immune axis (n=12)","p>0.05",FALSE
"Pancreas_vs_Kidney","Pancreas","Kidney","Pancreas_Ins2","Kidney_Zfand6",-0.0446886768321132,0.890316274466424,12,"Ins2","Zfand6","All_Groups","Metabolic-immune axis (n=12)","p>0.05",FALSE
"Pancreas_vs_Kidney","Pancreas","Kidney","Pancreas_Srr","Kidney_Zfand6",-0.350243252266571,0.264373527829411,12,"Srr","Zfand6","All_Groups","Metabolic-immune axis (n=12)","p>0.05",FALSE
"Pancreas_vs_Kidney","Pancreas","Kidney","Pancreas_Glp1r","Kidney_Zfand6",0.00545725814096891,0.98976784414167,8,"Glp1r","Zfand6","All_Groups","Metabolic-immune axis (n=12)","p>0.05",FALSE
"Pancreas_vs_Kidney","Pancreas","Kidney","Pancreas_Zfand6","Kidney_Zfand6",0.346675047190905,0.269605528746645,12,"Zfand6","Zfand6","All_Groups","Metabolic-immune axis (n=12)","p>0.05",FALSE
"Pancreas_vs_Kidney","Pancreas","Kidney","Pancreas_Ghrhr","Kidney_Zfand6",-0.100544647064948,0.78226856815452,10,"Ghrhr","Zfand6","All_Groups","Metabolic-immune axis (n=12)","p>0.05",FALSE
"Pancreas_vs_Kidney","Pancreas","Kidney","Pancreas_Insr","Kidney_Zfand6",-0.311106556535401,0.351734203418071,11,"Insr","Zfand6","All_Groups","Metabolic-immune axis (n=12)","p>0.05",FALSE
"Pancreas_vs_Kidney","Pancreas","Kidney","Pancreas_Glut1","Kidney_Zfand6",-0.366897908236485,0.297004101878224,10,"Glut1","Zfand6","All_Groups","Metabolic-immune axis (n=12)","p>0.05",FALSE
"Pancreas_vs_Kidney","Pancreas","Kidney","Pancreas_Tcf19","Kidney_Zfand6",0.287066472953532,0.490589734935349,8,"Tcf19","Zfand6","All_Groups","Metabolic-immune axis (n=12)","p>0.05",FALSE
"Pancreas_vs_Kidney","Pancreas","Kidney","Pancreas_Tbc1d4","Kidney_Ghrhr",-0.166970295303434,0.60399249997868,12,"Tbc1d4","Ghrhr","All_Groups","Metabolic-immune axis (n=12)","p>0.05",FALSE
"Pancreas_vs_Kidney","Pancreas","Kidney","Pancreas_Mafa","Kidney_Ghrhr",-0.25772694194486,0.418668801156719,12,"Mafa","Ghrhr","All_Groups","Metabolic-immune axis (n=12)","p>0.05",FALSE
"Pancreas_vs_Kidney","Pancreas","Kidney","Pancreas_Ins1","Kidney_Ghrhr",0.388305852319543,0.446815878325944,6,"Ins1","Ghrhr","All_Groups","Metabolic-immune axis (n=12)","p>0.05",FALSE
"Pancreas_vs_Kidney","Pancreas","Kidney","Pancreas_Ins2","Kidney_Ghrhr",-0.231144444813591,0.469790422539893,12,"Ins2","Ghrhr","All_Groups","Metabolic-immune axis (n=12)","p>0.05",FALSE
"Pancreas_vs_Kidney","Pancreas","Kidney","Pancreas_Srr","Kidney_Ghrhr",0.300943708956407,0.341847962897689,12,"Srr","Ghrhr","All_Groups","Metabolic-immune axis (n=12)","p>0.05",FALSE
"Pancreas_vs_Kidney","Pancreas","Kidney","Pancreas_Glp1r","Kidney_Ghrhr",-0.102996839156553,0.808242362974338,8,"Glp1r","Ghrhr","All_Groups","Metabolic-immune axis (n=12)","p>0.05",FALSE
"Pancreas_vs_Kidney","Pancreas","Kidney","Pancreas_Zfand6","Kidney_Ghrhr",0.0143208590275634,0.964766896311872,12,"Zfand6","Ghrhr","All_Groups","Metabolic-immune axis (n=12)","p>0.05",FALSE
"Pancreas_vs_Kidney","Pancreas","Kidney","Pancreas_Ghrhr","Kidney_Ghrhr",0.613222350181096,0.0593851054332431,10,"Ghrhr","Ghrhr","All_Groups","Metabolic-immune axis (n=12)","p>0.05",FALSE
"Pancreas_vs_Kidney","Pancreas","Kidney","Pancreas_Insr","Kidney_Ghrhr",-0.17320889498033,0.610534158148755,11,"Insr","Ghrhr","All_Groups","Metabolic-immune axis (n=12)","p>0.05",FALSE
"Pancreas_vs_Kidney","Pancreas","Kidney","Pancreas_Glut1","Kidney_Ghrhr",0.57481453992176,0.0821706095617379,10,"Glut1","Ghrhr","All_Groups","Metabolic-immune axis (n=12)","p>0.05",FALSE
"Pancreas_vs_Kidney","Pancreas","Kidney","Pancreas_Tcf19","Kidney_Ghrhr",-0.31761376675853,0.443312619270145,8,"Tcf19","Ghrhr","All_Groups","Metabolic-immune axis (n=12)","p>0.05",FALSE
"Pancreas_vs_Kidney","Pancreas","Kidney","Pancreas_Tbc1d4","Kidney_Insr",0.104896795805475,0.745605499901788,12,"Tbc1d4","Insr","All_Groups","Metabolic-immune axis (n=12)","p>0.05",FALSE
"Pancreas_vs_Kidney","Pancreas","Kidney","Pancreas_Mafa","Kidney_Insr",-0.0547285876633042,0.865852794261366,12,"Mafa","Insr","All_Groups","Metabolic-immune axis (n=12)","p>0.05",FALSE
"Pancreas_vs_Kidney","Pancreas","Kidney","Pancreas_Ins1","Kidney_Insr",0.747408764954065,0.0876455431109185,6,"Ins1","Insr","All_Groups","Metabolic-immune axis (n=12)","p>0.05",FALSE
"Pancreas_vs_Kidney","Pancreas","Kidney","Pancreas_Ins2","Kidney_Insr",0.20610512045488,0.520439919590688,12,"Ins2","Insr","All_Groups","Metabolic-immune axis (n=12)","p>0.05",FALSE
"Pancreas_vs_Kidney","Pancreas","Kidney","Pancreas_Srr","Kidney_Insr",-0.418285455954995,0.175991696131618,12,"Srr","Insr","All_Groups","Metabolic-immune axis (n=12)","p>0.05",FALSE
"Pancreas_vs_Kidney","Pancreas","Kidney","Pancreas_Glp1r","Kidney_Insr",0.474635324389761,0.234682307090996,8,"Glp1r","Insr","All_Groups","Metabolic-immune axis (n=12)","p>0.05",FALSE
"Pancreas_vs_Kidney","Pancreas","Kidney","Pancreas_Zfand6","Kidney_Insr",0.537753158156959,0.0713384147236612,12,"Zfand6","Insr","All_Groups","Metabolic-immune axis (n=12)","p>0.05",FALSE
"Pancreas_vs_Kidney","Pancreas","Kidney","Pancreas_Ghrhr","Kidney_Insr",-0.2358926159479,0.511752758217651,10,"Ghrhr","Insr","All_Groups","Metabolic-immune axis (n=12)","p>0.05",FALSE
"Pancreas_vs_Kidney","Pancreas","Kidney","Pancreas_Insr","Kidney_Insr",-0.279382216398452,0.405401237582876,11,"Insr","Insr","All_Groups","Metabolic-immune axis (n=12)","p>0.05",FALSE
"Pancreas_vs_Kidney","Pancreas","Kidney","Pancreas_Glut1","Kidney_Insr",-0.467475491865385,0.17309299890685,10,"Glut1","Insr","All_Groups","Metabolic-immune axis (n=12)","p>0.05",FALSE
"Pancreas_vs_Kidney","Pancreas","Kidney","Pancreas_Tcf19","Kidney_Insr",0.332644460338236,0.42077416600586,8,"Tcf19","Insr","All_Groups","Metabolic-immune axis (n=12)","p>0.05",FALSE
"Pancreas_vs_Kidney","Pancreas","Kidney","Pancreas_Tbc1d4","Kidney_Glut1",-0.163913504191933,0.6107246534511,12,"Tbc1d4","Glut1","All_Groups","Metabolic-immune axis (n=12)","p>0.05",FALSE
"Pancreas_vs_Kidney","Pancreas","Kidney","Pancreas_Mafa","Kidney_Glut1",-0.268469310224116,0.398827155524218,12,"Mafa","Glut1","All_Groups","Metabolic-immune axis (n=12)","p>0.05",FALSE
"Pancreas_vs_Kidney","Pancreas","Kidney","Pancreas_Ins1","Kidney_Glut1",0.267761867530158,0.607955982054484,6,"Ins1","Glut1","All_Groups","Metabolic-immune axis (n=12)","p>0.05",FALSE
"Pancreas_vs_Kidney","Pancreas","Kidney","Pancreas_Ins2","Kidney_Glut1",0.650959738131885,0.0218681795740757,12,"Ins2","Glut1","All_Groups","Metabolic-immune axis (n=12)","p<0.05",TRUE
"Pancreas_vs_Kidney","Pancreas","Kidney","Pancreas_Srr","Kidney_Glut1",-0.465048085004718,0.127662306615025,12,"Srr","Glut1","All_Groups","Metabolic-immune axis (n=12)","p>0.05",FALSE
"Pancreas_vs_Kidney","Pancreas","Kidney","Pancreas_Glp1r","Kidney_Glut1",0.274094582181872,0.511232684843446,8,"Glp1r","Glut1","All_Groups","Metabolic-immune axis (n=12)","p>0.05",FALSE
"Pancreas_vs_Kidney","Pancreas","Kidney","Pancreas_Zfand6","Kidney_Glut1",0.399054354646979,0.198778040536287,12,"Zfand6","Glut1","All_Groups","Metabolic-immune axis (n=12)","p>0.05",FALSE
"Pancreas_vs_Kidney","Pancreas","Kidney","Pancreas_Ghrhr","Kidney_Glut1",-0.241601445654878,0.501280817303142,10,"Ghrhr","Glut1","All_Groups","Metabolic-immune axis (n=12)","p>0.05",FALSE
"Pancreas_vs_Kidney","Pancreas","Kidney","Pancreas_Insr","Kidney_Glut1",0.525023629213566,0.0972493213522503,11,"Insr","Glut1","All_Groups","Metabolic-immune axis (n=12)","p>0.05",FALSE
"Pancreas_vs_Kidney","Pancreas","Kidney","Pancreas_Glut1","Kidney_Glut1",0.0728310107588272,0.841524556343199,10,"Glut1","Glut1","All_Groups","Metabolic-immune axis (n=12)","p>0.05",FALSE
"Pancreas_vs_Kidney","Pancreas","Kidney","Pancreas_Tcf19","Kidney_Glut1",0.242637515514793,0.56259527506923,8,"Tcf19","Glut1","All_Groups","Metabolic-immune axis (n=12)","p>0.05",FALSE
"Pancreas_vs_Kidney","Pancreas","Kidney","Pancreas_Tbc1d4","Kidney_Glut4",-0.691745328115486,0.195668365366743,5,"Tbc1d4","Glut4","All_Groups","Metabolic-immune axis (n=12)","p>0.05",FALSE
"Pancreas_vs_Kidney","Pancreas","Kidney","Pancreas_Mafa","Kidney_Glut4",0.885752776282704,0.0455529253691165,5,"Mafa","Glut4","All_Groups","Metabolic-immune axis (n=12)","p<0.05",TRUE
"Pancreas_vs_Kidney","Pancreas","Kidney","Pancreas_Ins1","Kidney_Glut4",-0.870295496804858,0.129704503195142,4,"Ins1","Glut4","All_Groups","Metabolic-immune axis (n=12)","p>0.05",FALSE
"Pancreas_vs_Kidney","Pancreas","Kidney","Pancreas_Ins2","Kidney_Glut4",-0.608646457010976,0.275985736493219,5,"Ins2","Glut4","All_Groups","Metabolic-immune axis (n=12)","p>0.05",FALSE
"Pancreas_vs_Kidney","Pancreas","Kidney","Pancreas_Srr","Kidney_Glut4",0.514382568653946,0.375220177997192,5,"Srr","Glut4","All_Groups","Metabolic-immune axis (n=12)","p>0.05",FALSE
"Pancreas_vs_Kidney","Pancreas","Kidney","Pancreas_Glp1r","Kidney_Glut4",-0.976856131298771,0.137231648575646,3,"Glp1r","Glut4","All_Groups","Metabolic-immune axis (n=12)","p>0.05",FALSE
"Pancreas_vs_Kidney","Pancreas","Kidney","Pancreas_Zfand6","Kidney_Glut4",-0.882318146024454,0.047596981309329,5,"Zfand6","Glut4","All_Groups","Metabolic-immune axis (n=12)","p<0.05",TRUE
"Pancreas_vs_Kidney","Pancreas","Kidney","Pancreas_Ghrhr","Kidney_Glut4",0.947362085408141,0.0526379145918586,4,"Ghrhr","Glut4","All_Groups","Metabolic-immune axis (n=12)","p>0.05",FALSE
"Pancreas_vs_Kidney","Pancreas","Kidney","Pancreas_Insr","Kidney_Glut4",-0.29055212448704,0.70944787551296,4,"Insr","Glut4","All_Groups","Metabolic-immune axis (n=12)","p>0.05",FALSE
"Pancreas_vs_Kidney","Pancreas","Kidney","Pancreas_Glut1","Kidney_Glut4",-0.569809991301959,0.43019000869804,4,"Glut1","Glut4","All_Groups","Metabolic-immune axis (n=12)","p>0.05",FALSE
"Pancreas_vs_Kidney","Pancreas","Kidney","Pancreas_Tcf19","Kidney_Glut4",0.360974690895847,0.76488814228668,3,"Tcf19","Glut4","All_Groups","Metabolic-immune axis (n=12)","p>0.05",FALSE
"Pancreas_vs_Liver","Pancreas","Liver","Pancreas_Tbc1d4","Liver_Tbc1d4",0.0594214144432376,0.854453872281375,12,"Tbc1d4","Tbc1d4","All_Groups","Metabolic-immune axis (n=12)","p>0.05",FALSE
"Pancreas_vs_Liver","Pancreas","Liver","Pancreas_Mafa","Liver_Tbc1d4",-0.107784893351093,0.738814171603406,12,"Mafa","Tbc1d4","All_Groups","Metabolic-immune axis (n=12)","p>0.05",FALSE
"Pancreas_vs_Liver","Pancreas","Liver","Pancreas_Ins1","Liver_Tbc1d4",0.575846375638801,0.231705491616677,6,"Ins1","Tbc1d4","All_Groups","Metabolic-immune axis (n=12)","p>0.05",FALSE
"Pancreas_vs_Liver","Pancreas","Liver","Pancreas_Ins2","Liver_Tbc1d4",0.888070482331658,0.000114336698474466,12,"Ins2","Tbc1d4","All_Groups","Metabolic-immune axis (n=12)","p<0.001",TRUE
"Pancreas_vs_Liver","Pancreas","Liver","Pancreas_Srr","Liver_Tbc1d4",-0.486125611962843,0.109061307577915,12,"Srr","Tbc1d4","All_Groups","Metabolic-immune axis (n=12)","p>0.05",FALSE
"Pancreas_vs_Liver","Pancreas","Liver","Pancreas_Glp1r","Liver_Tbc1d4",0.789946544002135,0.0196733007994585,8,"Glp1r","Tbc1d4","All_Groups","Metabolic-immune axis (n=12)","p<0.05",TRUE
"Pancreas_vs_Liver","Pancreas","Liver","Pancreas_Zfand6","Liver_Tbc1d4",0.396191935671213,0.202316933341597,12,"Zfand6","Tbc1d4","All_Groups","Metabolic-immune axis (n=12)","p>0.05",FALSE
"Pancreas_vs_Liver","Pancreas","Liver","Pancreas_Ghrhr","Liver_Tbc1d4",-0.582058447733692,0.0775018662281801,10,"Ghrhr","Tbc1d4","All_Groups","Metabolic-immune axis (n=12)","p>0.05",FALSE
"Pancreas_vs_Liver","Pancreas","Liver","Pancreas_Insr","Liver_Tbc1d4",0.148080558166023,0.663913413183695,11,"Insr","Tbc1d4","All_Groups","Metabolic-immune axis (n=12)","p>0.05",FALSE
"Pancreas_vs_Liver","Pancreas","Liver","Pancreas_Glut1","Liver_Tbc1d4",-0.00592415028916867,0.987041376038949,10,"Glut1","Tbc1d4","All_Groups","Metabolic-immune axis (n=12)","p>0.05",FALSE
"Pancreas_vs_Liver","Pancreas","Liver","Pancreas_Tcf19","Liver_Tbc1d4",0.271214035333055,0.515860524632029,8,"Tcf19","Tbc1d4","All_Groups","Metabolic-immune axis (n=12)","p>0.05",FALSE
"Pancreas_vs_Liver","Pancreas","Liver","Pancreas_Tbc1d4","Liver_Mafa",0.120483346016215,0.709162348022301,12,"Tbc1d4","Mafa","All_Groups","Metabolic-immune axis (n=12)","p>0.05",FALSE
"Pancreas_vs_Liver","Pancreas","Liver","Pancreas_Mafa","Liver_Mafa",-0.195459689981359,0.542661166959298,12,"Mafa","Mafa","All_Groups","Metabolic-immune axis (n=12)","p>0.05",FALSE
"Pancreas_vs_Liver","Pancreas","Liver","Pancreas_Ins1","Liver_Mafa",0.418811553275013,0.408513096060304,6,"Ins1","Mafa","All_Groups","Metabolic-immune axis (n=12)","p>0.05",FALSE
"Pancreas_vs_Liver","Pancreas","Liver","Pancreas_Ins2","Liver_Mafa",0.873355333007827,0.000206653201022495,12,"Ins2","Mafa","All_Groups","Metabolic-immune axis (n=12)","p<0.001",TRUE
"Pancreas_vs_Liver","Pancreas","Liver","Pancreas_Srr","Liver_Mafa",-0.604061250759725,0.0375114837833549,12,"Srr","Mafa","All_Groups","Metabolic-immune axis (n=12)","p<0.05",TRUE
"Pancreas_vs_Liver","Pancreas","Liver","Pancreas_Glp1r","Liver_Mafa",0.80323855977954,0.0163443180775131,8,"Glp1r","Mafa","All_Groups","Metabolic-immune axis (n=12)","p<0.05",TRUE
"Pancreas_vs_Liver","Pancreas","Liver","Pancreas_Zfand6","Liver_Mafa",0.428254312616134,0.164854113971201,12,"Zfand6","Mafa","All_Groups","Metabolic-immune axis (n=12)","p>0.05",FALSE
"Pancreas_vs_Liver","Pancreas","Liver","Pancreas_Ghrhr","Liver_Mafa",-0.670612903541424,0.033805962834205,10,"Ghrhr","Mafa","All_Groups","Metabolic-immune axis (n=12)","p<0.05",TRUE
"Pancreas_vs_Liver","Pancreas","Liver","Pancreas_Insr","Liver_Mafa",0.149483963922954,0.660892213519121,11,"Insr","Mafa","All_Groups","Metabolic-immune axis (n=12)","p>0.05",FALSE
"Pancreas_vs_Liver","Pancreas","Liver","Pancreas_Glut1","Liver_Mafa",0.00892772541569596,0.980472157155462,10,"Glut1","Mafa","All_Groups","Metabolic-immune axis (n=12)","p>0.05",FALSE
"Pancreas_vs_Liver","Pancreas","Liver","Pancreas_Tcf19","Liver_Mafa",0.214707448592097,0.609624753030001,8,"Tcf19","Mafa","All_Groups","Metabolic-immune axis (n=12)","p>0.05",FALSE
"Pancreas_vs_Liver","Pancreas","Liver","Pancreas_Tbc1d4","Liver_Ins1",0.371751042154414,0.757515009041675,3,"Tbc1d4","Ins1","All_Groups","Metabolic-immune axis (n=12)","p>0.05",FALSE
"Pancreas_vs_Liver","Pancreas","Liver","Pancreas_Mafa","Liver_Ins1",-0.878840559324306,0.316635382981676,3,"Mafa","Ins1","All_Groups","Metabolic-immune axis (n=12)","p>0.05",FALSE
"Pancreas_vs_Liver","Pancreas","Liver","Pancreas_Ins1","Liver_Ins1",NA,NA,NA,"Ins1","Ins1","All_Groups","Metabolic-immune axis (n=12)","p>0.05",NA
"Pancreas_vs_Liver","Pancreas","Liver","Pancreas_Ins2","Liver_Ins1",-0.988137606988717,0.0981547962966636,3,"Ins2","Ins1","All_Groups","Metabolic-immune axis (n=12)","p>0.05",FALSE
"Pancreas_vs_Liver","Pancreas","Liver","Pancreas_Srr","Liver_Ins1",-0.885220019872683,0.308015453474914,3,"Srr","Ins1","All_Groups","Metabolic-immune axis (n=12)","p>0.05",FALSE
"Pancreas_vs_Liver","Pancreas","Liver","Pancreas_Glp1r","Liver_Ins1",0.942646721228909,0.216656691790397,3,"Glp1r","Ins1","All_Groups","Metabolic-immune axis (n=12)","p>0.05",FALSE
"Pancreas_vs_Liver","Pancreas","Liver","Pancreas_Zfand6","Liver_Ins1",-0.718423571867972,0.489727994212104,3,"Zfand6","Ins1","All_Groups","Metabolic-immune axis (n=12)","p>0.05",FALSE
"Pancreas_vs_Liver","Pancreas","Liver","Pancreas_Ghrhr","Liver_Ins1",NA,NA,NA,"Ghrhr","Ins1","All_Groups","Metabolic-immune axis (n=12)","p>0.05",NA
"Pancreas_vs_Liver","Pancreas","Liver","Pancreas_Insr","Liver_Ins1",NA,NA,NA,"Insr","Ins1","All_Groups","Metabolic-immune axis (n=12)","p>0.05",NA
"Pancreas_vs_Liver","Pancreas","Liver","Pancreas_Glut1","Liver_Ins1",0.567764106182534,0.615617146793459,3,"Glut1","Ins1","All_Groups","Metabolic-immune axis (n=12)","p>0.05",FALSE
"Pancreas_vs_Liver","Pancreas","Liver","Pancreas_Tcf19","Liver_Ins1",-0.935718079514874,0.229505921903537,3,"Tcf19","Ins1","All_Groups","Metabolic-immune axis (n=12)","p>0.05",FALSE
"Pancreas_vs_Liver","Pancreas","Liver","Pancreas_Tbc1d4","Liver_Ins2",-0.0266851067310327,0.937923069658248,11,"Tbc1d4","Ins2","All_Groups","Metabolic-immune axis (n=12)","p>0.05",FALSE
"Pancreas_vs_Liver","Pancreas","Liver","Pancreas_Mafa","Liver_Ins2",-0.456042187674012,0.158599962253179,11,"Mafa","Ins2","All_Groups","Metabolic-immune axis (n=12)","p>0.05",FALSE
"Pancreas_vs_Liver","Pancreas","Liver","Pancreas_Ins1","Liver_Ins2",0.414296521462013,0.414110478310182,6,"Ins1","Ins2","All_Groups","Metabolic-immune axis (n=12)","p>0.05",FALSE
"Pancreas_vs_Liver","Pancreas","Liver","Pancreas_Ins2","Liver_Ins2",0.598130647028083,0.0519216017424032,11,"Ins2","Ins2","All_Groups","Metabolic-immune axis (n=12)","p>0.05",FALSE
"Pancreas_vs_Liver","Pancreas","Liver","Pancreas_Srr","Liver_Ins2",-0.537980474689714,0.087810049409093,11,"Srr","Ins2","All_Groups","Metabolic-immune axis (n=12)","p>0.05",FALSE
"Pancreas_vs_Liver","Pancreas","Liver","Pancreas_Glp1r","Liver_Ins2",0.771888938860184,0.024829054430876,8,"Glp1r","Ins2","All_Groups","Metabolic-immune axis (n=12)","p<0.05",TRUE
"Pancreas_vs_Liver","Pancreas","Liver","Pancreas_Zfand6","Liver_Ins2",0.109971206461946,0.747543855721238,11,"Zfand6","Ins2","All_Groups","Metabolic-immune axis (n=12)","p>0.05",FALSE
"Pancreas_vs_Liver","Pancreas","Liver","Pancreas_Ghrhr","Liver_Ins2",-0.676588330383181,0.0453548668421053,9,"Ghrhr","Ins2","All_Groups","Metabolic-immune axis (n=12)","p<0.05",TRUE
"Pancreas_vs_Liver","Pancreas","Liver","Pancreas_Insr","Liver_Ins2",-0.0801118203215765,0.825875771744149,10,"Insr","Ins2","All_Groups","Metabolic-immune axis (n=12)","p>0.05",FALSE
"Pancreas_vs_Liver","Pancreas","Liver","Pancreas_Glut1","Liver_Ins2",0.073653076648614,0.850631829149076,9,"Glut1","Ins2","All_Groups","Metabolic-immune axis (n=12)","p>0.05",FALSE
"Pancreas_vs_Liver","Pancreas","Liver","Pancreas_Tcf19","Liver_Ins2",-0.15876637493057,0.70727770083299,8,"Tcf19","Ins2","All_Groups","Metabolic-immune axis (n=12)","p>0.05",FALSE
"Pancreas_vs_Liver","Pancreas","Liver","Pancreas_Tbc1d4","Liver_Srr",0.104877539857368,0.745650836438639,12,"Tbc1d4","Srr","All_Groups","Metabolic-immune axis (n=12)","p>0.05",FALSE
"Pancreas_vs_Liver","Pancreas","Liver","Pancreas_Mafa","Liver_Srr",-0.180260718015097,0.575055738578259,12,"Mafa","Srr","All_Groups","Metabolic-immune axis (n=12)","p>0.05",FALSE
"Pancreas_vs_Liver","Pancreas","Liver","Pancreas_Ins1","Liver_Srr",0.612503059489772,0.196138734016507,6,"Ins1","Srr","All_Groups","Metabolic-immune axis (n=12)","p>0.05",FALSE
"Pancreas_vs_Liver","Pancreas","Liver","Pancreas_Ins2","Liver_Srr",0.715533830621489,0.00888397271011286,12,"Ins2","Srr","All_Groups","Metabolic-immune axis (n=12)","p<0.01",TRUE
"Pancreas_vs_Liver","Pancreas","Liver","Pancreas_Srr","Liver_Srr",-0.488784612330244,0.106850640982597,12,"Srr","Srr","All_Groups","Metabolic-immune axis (n=12)","p>0.05",FALSE
"Pancreas_vs_Liver","Pancreas","Liver","Pancreas_Glp1r","Liver_Srr",0.794630136072304,0.0184561960313098,8,"Glp1r","Srr","All_Groups","Metabolic-immune axis (n=12)","p<0.05",TRUE
"Pancreas_vs_Liver","Pancreas","Liver","Pancreas_Zfand6","Liver_Srr",0.416766854842807,0.177728594646978,12,"Zfand6","Srr","All_Groups","Metabolic-immune axis (n=12)","p>0.05",FALSE
"Pancreas_vs_Liver","Pancreas","Liver","Pancreas_Ghrhr","Liver_Srr",-0.417553405065724,0.229885816306427,10,"Ghrhr","Srr","All_Groups","Metabolic-immune axis (n=12)","p>0.05",FALSE
"Pancreas_vs_Liver","Pancreas","Liver","Pancreas_Insr","Liver_Srr",-0.0975387907392391,0.775411923758137,11,"Insr","Srr","All_Groups","Metabolic-immune axis (n=12)","p>0.05",FALSE
"Pancreas_vs_Liver","Pancreas","Liver","Pancreas_Glut1","Liver_Srr",-0.00341675183048806,0.992525942624804,10,"Glut1","Srr","All_Groups","Metabolic-immune axis (n=12)","p>0.05",FALSE
"Pancreas_vs_Liver","Pancreas","Liver","Pancreas_Tcf19","Liver_Srr",0.290843784718945,0.484640614018677,8,"Tcf19","Srr","All_Groups","Metabolic-immune axis (n=12)","p>0.05",FALSE
"Pancreas_vs_Liver","Pancreas","Liver","Pancreas_Tbc1d4","Liver_Glp1r",-0.0269835108389674,0.933659690652725,12,"Tbc1d4","Glp1r","All_Groups","Metabolic-immune axis (n=12)","p>0.05",FALSE
"Pancreas_vs_Liver","Pancreas","Liver","Pancreas_Mafa","Liver_Glp1r",-0.342378118042442,0.275984580149665,12,"Mafa","Glp1r","All_Groups","Metabolic-immune axis (n=12)","p>0.05",FALSE
"Pancreas_vs_Liver","Pancreas","Liver","Pancreas_Ins1","Liver_Glp1r",0.808801774504654,0.0513403481909718,6,"Ins1","Glp1r","All_Groups","Metabolic-immune axis (n=12)","p>0.05",FALSE
"Pancreas_vs_Liver","Pancreas","Liver","Pancreas_Ins2","Liver_Glp1r",0.660453810740155,0.0194005416615995,12,"Ins2","Glp1r","All_Groups","Metabolic-immune axis (n=12)","p<0.05",TRUE
"Pancreas_vs_Liver","Pancreas","Liver","Pancreas_Srr","Liver_Glp1r",-0.376728037582363,0.227397351702988,12,"Srr","Glp1r","All_Groups","Metabolic-immune axis (n=12)","p>0.05",FALSE
"Pancreas_vs_Liver","Pancreas","Liver","Pancreas_Glp1r","Liver_Glp1r",0.811739597762773,0.0144142321581765,8,"Glp1r","Glp1r","All_Groups","Metabolic-immune axis (n=12)","p<0.05",TRUE
"Pancreas_vs_Liver","Pancreas","Liver","Pancreas_Zfand6","Liver_Glp1r",0.16745232093985,0.602933470825633,12,"Zfand6","Glp1r","All_Groups","Metabolic-immune axis (n=12)","p>0.05",FALSE
"Pancreas_vs_Liver","Pancreas","Liver","Pancreas_Ghrhr","Liver_Glp1r",-0.179907772425242,0.618944183223476,10,"Ghrhr","Glp1r","All_Groups","Metabolic-immune axis (n=12)","p>0.05",FALSE
"Pancreas_vs_Liver","Pancreas","Liver","Pancreas_Insr","Liver_Glp1r",-0.100300983610454,0.769198540364828,11,"Insr","Glp1r","All_Groups","Metabolic-immune axis (n=12)","p>0.05",FALSE
"Pancreas_vs_Liver","Pancreas","Liver","Pancreas_Glut1","Liver_Glp1r",0.0849429325721452,0.815522235315541,10,"Glut1","Glp1r","All_Groups","Metabolic-immune axis (n=12)","p>0.05",FALSE
"Pancreas_vs_Liver","Pancreas","Liver","Pancreas_Tcf19","Liver_Glp1r",-0.182693559010383,0.664995444407011,8,"Tcf19","Glp1r","All_Groups","Metabolic-immune axis (n=12)","p>0.05",FALSE
"Pancreas_vs_Liver","Pancreas","Liver","Pancreas_Tbc1d4","Liver_Zfand6",0.135159458912018,0.675350717272736,12,"Tbc1d4","Zfand6","All_Groups","Metabolic-immune axis (n=12)","p>0.05",FALSE
"Pancreas_vs_Liver","Pancreas","Liver","Pancreas_Mafa","Liver_Zfand6",-0.1218378568145,0.706020449206313,12,"Mafa","Zfand6","All_Groups","Metabolic-immune axis (n=12)","p>0.05",FALSE
"Pancreas_vs_Liver","Pancreas","Liver","Pancreas_Ins1","Liver_Zfand6",0.444730643815228,0.376884636308616,6,"Ins1","Zfand6","All_Groups","Metabolic-immune axis (n=12)","p>0.05",FALSE
"Pancreas_vs_Liver","Pancreas","Liver","Pancreas_Ins2","Liver_Zfand6",0.804120872610926,0.0016176429708633,12,"Ins2","Zfand6","All_Groups","Metabolic-immune axis (n=12)","p<0.01",TRUE
"Pancreas_vs_Liver","Pancreas","Liver","Pancreas_Srr","Liver_Zfand6",-0.552410527918681,0.0625327198684334,12,"Srr","Zfand6","All_Groups","Metabolic-immune axis (n=12)","p>0.05",FALSE
"Pancreas_vs_Liver","Pancreas","Liver","Pancreas_Glp1r","Liver_Zfand6",0.763664293866425,0.0274280612928538,8,"Glp1r","Zfand6","All_Groups","Metabolic-immune axis (n=12)","p<0.05",TRUE
"Pancreas_vs_Liver","Pancreas","Liver","Pancreas_Zfand6","Liver_Zfand6",0.404200764612812,0.192511577079806,12,"Zfand6","Zfand6","All_Groups","Metabolic-immune axis (n=12)","p>0.05",FALSE
"Pancreas_vs_Liver","Pancreas","Liver","Pancreas_Ghrhr","Liver_Zfand6",-0.589358726115948,0.0729740895056523,10,"Ghrhr","Zfand6","All_Groups","Metabolic-immune axis (n=12)","p>0.05",FALSE
"Pancreas_vs_Liver","Pancreas","Liver","Pancreas_Insr","Liver_Zfand6",0.0284286843354986,0.933874438405782,11,"Insr","Zfand6","All_Groups","Metabolic-immune axis (n=12)","p>0.05",FALSE
"Pancreas_vs_Liver","Pancreas","Liver","Pancreas_Glut1","Liver_Zfand6",-0.00775531251166788,0.983036274186393,10,"Glut1","Zfand6","All_Groups","Metabolic-immune axis (n=12)","p>0.05",FALSE
"Pancreas_vs_Liver","Pancreas","Liver","Pancreas_Tcf19","Liver_Zfand6",0.290853451007378,0.484625426404442,8,"Tcf19","Zfand6","All_Groups","Metabolic-immune axis (n=12)","p>0.05",FALSE
"Pancreas_vs_Liver","Pancreas","Liver","Pancreas_Tbc1d4","Liver_Ghrhr",0.0400716268072039,0.901597056163684,12,"Tbc1d4","Ghrhr","All_Groups","Metabolic-immune axis (n=12)","p>0.05",FALSE
"Pancreas_vs_Liver","Pancreas","Liver","Pancreas_Mafa","Liver_Ghrhr",-0.373043744736759,0.232344540782742,12,"Mafa","Ghrhr","All_Groups","Metabolic-immune axis (n=12)","p>0.05",FALSE
"Pancreas_vs_Liver","Pancreas","Liver","Pancreas_Ins1","Liver_Ghrhr",0.633436555174023,0.17692580102086,6,"Ins1","Ghrhr","All_Groups","Metabolic-immune axis (n=12)","p>0.05",FALSE
"Pancreas_vs_Liver","Pancreas","Liver","Pancreas_Ins2","Liver_Ghrhr",0.853024899682836,0.000419766600876132,12,"Ins2","Ghrhr","All_Groups","Metabolic-immune axis (n=12)","p<0.001",TRUE
"Pancreas_vs_Liver","Pancreas","Liver","Pancreas_Srr","Liver_Ghrhr",-0.530681445826296,0.075876997146962,12,"Srr","Ghrhr","All_Groups","Metabolic-immune axis (n=12)","p>0.05",FALSE
"Pancreas_vs_Liver","Pancreas","Liver","Pancreas_Glp1r","Liver_Ghrhr",0.849038047392848,0.00765647079421663,8,"Glp1r","Ghrhr","All_Groups","Metabolic-immune axis (n=12)","p<0.01",TRUE
"Pancreas_vs_Liver","Pancreas","Liver","Pancreas_Zfand6","Liver_Ghrhr",0.345819234722964,0.270869196060132,12,"Zfand6","Ghrhr","All_Groups","Metabolic-immune axis (n=12)","p>0.05",FALSE
"Pancreas_vs_Liver","Pancreas","Liver","Pancreas_Ghrhr","Liver_Ghrhr",-0.513989082657785,0.12856343233361,10,"Ghrhr","Ghrhr","All_Groups","Metabolic-immune axis (n=12)","p>0.05",FALSE
"Pancreas_vs_Liver","Pancreas","Liver","Pancreas_Insr","Liver_Ghrhr",0.222535204742789,0.510733226640915,11,"Insr","Ghrhr","All_Groups","Metabolic-immune axis (n=12)","p>0.05",FALSE
"Pancreas_vs_Liver","Pancreas","Liver","Pancreas_Glut1","Liver_Ghrhr",0.00463503687016062,0.989861074668675,10,"Glut1","Ghrhr","All_Groups","Metabolic-immune axis (n=12)","p>0.05",FALSE
"Pancreas_vs_Liver","Pancreas","Liver","Pancreas_Tcf19","Liver_Ghrhr",-0.0525299665950971,0.90168735145854,8,"Tcf19","Ghrhr","All_Groups","Metabolic-immune axis (n=12)","p>0.05",FALSE
"Pancreas_vs_Liver","Pancreas","Liver","Pancreas_Tbc1d4","Liver_Insr",0.0900071741082312,0.780873195619688,12,"Tbc1d4","Insr","All_Groups","Metabolic-immune axis (n=12)","p>0.05",FALSE
"Pancreas_vs_Liver","Pancreas","Liver","Pancreas_Mafa","Liver_Insr",0.128887942057529,0.689736104102384,12,"Mafa","Insr","All_Groups","Metabolic-immune axis (n=12)","p>0.05",FALSE
"Pancreas_vs_Liver","Pancreas","Liver","Pancreas_Ins1","Liver_Insr",0.133792492796073,0.800508732457299,6,"Ins1","Insr","All_Groups","Metabolic-immune axis (n=12)","p>0.05",FALSE
"Pancreas_vs_Liver","Pancreas","Liver","Pancreas_Ins2","Liver_Insr",0.375391724684147,0.229184372962314,12,"Ins2","Insr","All_Groups","Metabolic-immune axis (n=12)","p>0.05",FALSE
"Pancreas_vs_Liver","Pancreas","Liver","Pancreas_Srr","Liver_Insr",-0.293111359221378,0.355169017627875,12,"Srr","Insr","All_Groups","Metabolic-immune axis (n=12)","p>0.05",FALSE
"Pancreas_vs_Liver","Pancreas","Liver","Pancreas_Glp1r","Liver_Insr",0.404506352136615,0.320223742379778,8,"Glp1r","Insr","All_Groups","Metabolic-immune axis (n=12)","p>0.05",FALSE
"Pancreas_vs_Liver","Pancreas","Liver","Pancreas_Zfand6","Liver_Insr",0.197310136027631,0.538770243777663,12,"Zfand6","Insr","All_Groups","Metabolic-immune axis (n=12)","p>0.05",FALSE
"Pancreas_vs_Liver","Pancreas","Liver","Pancreas_Ghrhr","Liver_Insr",-0.292029444975582,0.412933435888787,10,"Ghrhr","Insr","All_Groups","Metabolic-immune axis (n=12)","p>0.05",FALSE
"Pancreas_vs_Liver","Pancreas","Liver","Pancreas_Insr","Liver_Insr",-0.172273355407892,0.612493168267078,11,"Insr","Insr","All_Groups","Metabolic-immune axis (n=12)","p>0.05",FALSE
"Pancreas_vs_Liver","Pancreas","Liver","Pancreas_Glut1","Liver_Insr",0.0607179070711409,0.867668160394886,10,"Glut1","Insr","All_Groups","Metabolic-immune axis (n=12)","p>0.05",FALSE
"Pancreas_vs_Liver","Pancreas","Liver","Pancreas_Tcf19","Liver_Insr",0.592475562049589,0.121700336069721,8,"Tcf19","Insr","All_Groups","Metabolic-immune axis (n=12)","p>0.05",FALSE
"Pancreas_vs_Liver","Pancreas","Liver","Pancreas_Tbc1d4","Liver_Glut1",0.138074756032325,0.668697176736369,12,"Tbc1d4","Glut1","All_Groups","Metabolic-immune axis (n=12)","p>0.05",FALSE
"Pancreas_vs_Liver","Pancreas","Liver","Pancreas_Mafa","Liver_Glut1",-0.159660655186977,0.62013708574698,12,"Mafa","Glut1","All_Groups","Metabolic-immune axis (n=12)","p>0.05",FALSE
"Pancreas_vs_Liver","Pancreas","Liver","Pancreas_Ins1","Liver_Glut1",0.547865396909073,0.260424582758234,6,"Ins1","Glut1","All_Groups","Metabolic-immune axis (n=12)","p>0.05",FALSE
"Pancreas_vs_Liver","Pancreas","Liver","Pancreas_Ins2","Liver_Glut1",0.837897746017623,0.000666969667501096,12,"Ins2","Glut1","All_Groups","Metabolic-immune axis (n=12)","p<0.001",TRUE
"Pancreas_vs_Liver","Pancreas","Liver","Pancreas_Srr","Liver_Glut1",-0.560050586245493,0.0582556805530146,12,"Srr","Glut1","All_Groups","Metabolic-immune axis (n=12)","p>0.05",FALSE
"Pancreas_vs_Liver","Pancreas","Liver","Pancreas_Glp1r","Liver_Glut1",0.789615100925707,0.0197612748600895,8,"Glp1r","Glut1","All_Groups","Metabolic-immune axis (n=12)","p<0.05",TRUE
"Pancreas_vs_Liver","Pancreas","Liver","Pancreas_Zfand6","Liver_Glut1",0.425990492475906,0.167343172236377,12,"Zfand6","Glut1","All_Groups","Metabolic-immune axis (n=12)","p>0.05",FALSE
"Pancreas_vs_Liver","Pancreas","Liver","Pancreas_Ghrhr","Liver_Glut1",-0.560161919233418,0.0921591256189825,10,"Ghrhr","Glut1","All_Groups","Metabolic-immune axis (n=12)","p>0.05",FALSE
"Pancreas_vs_Liver","Pancreas","Liver","Pancreas_Insr","Liver_Glut1",0.0584208316280803,0.864524274643446,11,"Insr","Glut1","All_Groups","Metabolic-immune axis (n=12)","p>0.05",FALSE
"Pancreas_vs_Liver","Pancreas","Liver","Pancreas_Glut1","Liver_Glut1",-0.0240573602650697,0.947404971185607,10,"Glut1","Glut1","All_Groups","Metabolic-immune axis (n=12)","p>0.05",FALSE
"Pancreas_vs_Liver","Pancreas","Liver","Pancreas_Tcf19","Liver_Glut1",0.179322648576581,0.670908509460272,8,"Tcf19","Glut1","All_Groups","Metabolic-immune axis (n=12)","p>0.05",FALSE
"Pancreas_vs_Liver","Pancreas","Liver","Pancreas_Tbc1d4","Liver_Tcf19",0.045491226668929,0.888357262700153,12,"Tbc1d4","Tcf19","All_Groups","Metabolic-immune axis (n=12)","p>0.05",FALSE
"Pancreas_vs_Liver","Pancreas","Liver","Pancreas_Mafa","Liver_Tcf19",-0.236105478170739,0.460036747873103,12,"Mafa","Tcf19","All_Groups","Metabolic-immune axis (n=12)","p>0.05",FALSE
"Pancreas_vs_Liver","Pancreas","Liver","Pancreas_Ins1","Liver_Tcf19",0.635970946181858,0.17465568130266,6,"Ins1","Tcf19","All_Groups","Metabolic-immune axis (n=12)","p>0.05",FALSE
"Pancreas_vs_Liver","Pancreas","Liver","Pancreas_Ins2","Liver_Tcf19",0.848151269075177,0.000489898554980532,12,"Ins2","Tcf19","All_Groups","Metabolic-immune axis (n=12)","p<0.001",TRUE
"Pancreas_vs_Liver","Pancreas","Liver","Pancreas_Srr","Liver_Tcf19",-0.542598846881967,0.0683384848535402,12,"Srr","Tcf19","All_Groups","Metabolic-immune axis (n=12)","p>0.05",FALSE
"Pancreas_vs_Liver","Pancreas","Liver","Pancreas_Glp1r","Liver_Tcf19",0.881905562661061,0.00376137750818211,8,"Glp1r","Tcf19","All_Groups","Metabolic-immune axis (n=12)","p<0.01",TRUE
"Pancreas_vs_Liver","Pancreas","Liver","Pancreas_Zfand6","Liver_Tcf19",0.395165554549745,0.203595203339759,12,"Zfand6","Tcf19","All_Groups","Metabolic-immune axis (n=12)","p>0.05",FALSE
"Pancreas_vs_Liver","Pancreas","Liver","Pancreas_Ghrhr","Liver_Tcf19",-0.532967316406417,0.112678390284207,10,"Ghrhr","Tcf19","All_Groups","Metabolic-immune axis (n=12)","p>0.05",FALSE
"Pancreas_vs_Liver","Pancreas","Liver","Pancreas_Insr","Liver_Tcf19",0.0659333697819117,0.847269317428502,11,"Insr","Tcf19","All_Groups","Metabolic-immune axis (n=12)","p>0.05",FALSE
"Pancreas_vs_Liver","Pancreas","Liver","Pancreas_Glut1","Liver_Tcf19",-0.0248367728502662,0.945703061550247,10,"Glut1","Tcf19","All_Groups","Metabolic-immune axis (n=12)","p>0.05",FALSE
"Pancreas_vs_Liver","Pancreas","Liver","Pancreas_Tcf19","Liver_Tcf19",0.167736807457855,0.691342919780593,8,"Tcf19","Tcf19","All_Groups","Metabolic-immune axis (n=12)","p>0.05",FALSE
"Pancreas_vs_Colon","Pancreas","Colon","Pancreas_Tbc1d4","Colon_Tbc1d4",-0.750658728425685,0.00776778576573375,11,"Tbc1d4","Tbc1d4","All_Groups","Metabolic-immune axis (n=12)","p<0.01",TRUE
"Pancreas_vs_Colon","Pancreas","Colon","Pancreas_Mafa","Colon_Tbc1d4",0.525563586704633,0.0968432461027273,11,"Mafa","Tbc1d4","All_Groups","Metabolic-immune axis (n=12)","p>0.05",FALSE
"Pancreas_vs_Colon","Pancreas","Colon","Pancreas_Ins1","Colon_Tbc1d4",-0.625800012580975,0.183839651275086,6,"Ins1","Tbc1d4","All_Groups","Metabolic-immune axis (n=12)","p>0.05",FALSE
"Pancreas_vs_Colon","Pancreas","Colon","Pancreas_Ins2","Colon_Tbc1d4",-0.192055495191574,0.571571207295884,11,"Ins2","Tbc1d4","All_Groups","Metabolic-immune axis (n=12)","p>0.05",FALSE
"Pancreas_vs_Colon","Pancreas","Colon","Pancreas_Srr","Colon_Tbc1d4",0.564160314925428,0.0706321395061788,11,"Srr","Tbc1d4","All_Groups","Metabolic-immune axis (n=12)","p>0.05",FALSE
"Pancreas_vs_Colon","Pancreas","Colon","Pancreas_Glp1r","Colon_Tbc1d4",0.781231976908732,0.0380645428626814,7,"Glp1r","Tbc1d4","All_Groups","Metabolic-immune axis (n=12)","p<0.05",TRUE
"Pancreas_vs_Colon","Pancreas","Colon","Pancreas_Zfand6","Colon_Tbc1d4",-0.877443522130623,0.000386298914971537,11,"Zfand6","Tbc1d4","All_Groups","Metabolic-immune axis (n=12)","p<0.001",TRUE
"Pancreas_vs_Colon","Pancreas","Colon","Pancreas_Ghrhr","Colon_Tbc1d4",0.454776661245258,0.186652326589546,10,"Ghrhr","Tbc1d4","All_Groups","Metabolic-immune axis (n=12)","p>0.05",FALSE
"Pancreas_vs_Colon","Pancreas","Colon","Pancreas_Insr","Colon_Tbc1d4",-0.154290464874823,0.67041011712207,10,"Insr","Tbc1d4","All_Groups","Metabolic-immune axis (n=12)","p>0.05",FALSE
"Pancreas_vs_Colon","Pancreas","Colon","Pancreas_Glut1","Colon_Tbc1d4",0.464617720621546,0.207652095087885,9,"Glut1","Tbc1d4","All_Groups","Metabolic-immune axis (n=12)","p>0.05",FALSE
"Pancreas_vs_Colon","Pancreas","Colon","Pancreas_Tcf19","Colon_Tbc1d4",0.492772971385133,0.261196340165888,7,"Tcf19","Tbc1d4","All_Groups","Metabolic-immune axis (n=12)","p>0.05",FALSE
"Pancreas_vs_Colon","Pancreas","Colon","Pancreas_Tbc1d4","Colon_Mafa",-0.580950992937824,0.0476035854487506,12,"Tbc1d4","Mafa","All_Groups","Metabolic-immune axis (n=12)","p<0.05",TRUE
"Pancreas_vs_Colon","Pancreas","Colon","Pancreas_Mafa","Colon_Mafa",0.532526419078307,0.0746743715394686,12,"Mafa","Mafa","All_Groups","Metabolic-immune axis (n=12)","p>0.05",FALSE
"Pancreas_vs_Colon","Pancreas","Colon","Pancreas_Ins1","Colon_Mafa",-0.700187775900837,0.121356388461948,6,"Ins1","Mafa","All_Groups","Metabolic-immune axis (n=12)","p>0.05",FALSE
"Pancreas_vs_Colon","Pancreas","Colon","Pancreas_Ins2","Colon_Mafa",-0.340098498347995,0.279403586818161,12,"Ins2","Mafa","All_Groups","Metabolic-immune axis (n=12)","p>0.05",FALSE
"Pancreas_vs_Colon","Pancreas","Colon","Pancreas_Srr","Colon_Mafa",0.60713759638786,0.0362940648718026,12,"Srr","Mafa","All_Groups","Metabolic-immune axis (n=12)","p<0.05",TRUE
"Pancreas_vs_Colon","Pancreas","Colon","Pancreas_Glp1r","Colon_Mafa",0.536099700262765,0.170803042333954,8,"Glp1r","Mafa","All_Groups","Metabolic-immune axis (n=12)","p>0.05",FALSE
"Pancreas_vs_Colon","Pancreas","Colon","Pancreas_Zfand6","Colon_Mafa",-0.863979741556227,0.000290525692942224,12,"Zfand6","Mafa","All_Groups","Metabolic-immune axis (n=12)","p<0.001",TRUE
"Pancreas_vs_Colon","Pancreas","Colon","Pancreas_Ghrhr","Colon_Mafa",0.570536371958724,0.0850111406620909,10,"Ghrhr","Mafa","All_Groups","Metabolic-immune axis (n=12)","p>0.05",FALSE
"Pancreas_vs_Colon","Pancreas","Colon","Pancreas_Insr","Colon_Mafa",-0.06512242108923,0.849129152460363,11,"Insr","Mafa","All_Groups","Metabolic-immune axis (n=12)","p>0.05",FALSE
"Pancreas_vs_Colon","Pancreas","Colon","Pancreas_Glut1","Colon_Mafa",0.443508039122743,0.199191542049265,10,"Glut1","Mafa","All_Groups","Metabolic-immune axis (n=12)","p>0.05",FALSE
"Pancreas_vs_Colon","Pancreas","Colon","Pancreas_Tcf19","Colon_Mafa",0.556336747404604,0.152123003481937,8,"Tcf19","Mafa","All_Groups","Metabolic-immune axis (n=12)","p>0.05",FALSE
"Pancreas_vs_Colon","Pancreas","Colon","Pancreas_Tbc1d4","Colon_Ins1",NA,NA,NA,"Tbc1d4","Ins1","All_Groups","Metabolic-immune axis (n=12)","p>0.05",NA
"Pancreas_vs_Colon","Pancreas","Colon","Pancreas_Mafa","Colon_Ins1",NA,NA,NA,"Mafa","Ins1","All_Groups","Metabolic-immune axis (n=12)","p>0.05",NA
"Pancreas_vs_Colon","Pancreas","Colon","Pancreas_Ins1","Colon_Ins1",NA,NA,NA,"Ins1","Ins1","All_Groups","Metabolic-immune axis (n=12)","p>0.05",NA
"Pancreas_vs_Colon","Pancreas","Colon","Pancreas_Ins2","Colon_Ins1",NA,NA,NA,"Ins2","Ins1","All_Groups","Metabolic-immune axis (n=12)","p>0.05",NA
"Pancreas_vs_Colon","Pancreas","Colon","Pancreas_Srr","Colon_Ins1",NA,NA,NA,"Srr","Ins1","All_Groups","Metabolic-immune axis (n=12)","p>0.05",NA
"Pancreas_vs_Colon","Pancreas","Colon","Pancreas_Glp1r","Colon_Ins1",NA,NA,NA,"Glp1r","Ins1","All_Groups","Metabolic-immune axis (n=12)","p>0.05",NA
"Pancreas_vs_Colon","Pancreas","Colon","Pancreas_Zfand6","Colon_Ins1",NA,NA,NA,"Zfand6","Ins1","All_Groups","Metabolic-immune axis (n=12)","p>0.05",NA
"Pancreas_vs_Colon","Pancreas","Colon","Pancreas_Ghrhr","Colon_Ins1",NA,NA,NA,"Ghrhr","Ins1","All_Groups","Metabolic-immune axis (n=12)","p>0.05",NA
"Pancreas_vs_Colon","Pancreas","Colon","Pancreas_Insr","Colon_Ins1",NA,NA,NA,"Insr","Ins1","All_Groups","Metabolic-immune axis (n=12)","p>0.05",NA
"Pancreas_vs_Colon","Pancreas","Colon","Pancreas_Glut1","Colon_Ins1",NA,NA,NA,"Glut1","Ins1","All_Groups","Metabolic-immune axis (n=12)","p>0.05",NA
"Pancreas_vs_Colon","Pancreas","Colon","Pancreas_Tcf19","Colon_Ins1",NA,NA,NA,"Tcf19","Ins1","All_Groups","Metabolic-immune axis (n=12)","p>0.05",NA
"Pancreas_vs_Colon","Pancreas","Colon","Pancreas_Tbc1d4","Colon_Ins2",-0.261904682553367,0.616125529283875,6,"Tbc1d4","Ins2","All_Groups","Metabolic-immune axis (n=12)","p>0.05",FALSE
"Pancreas_vs_Colon","Pancreas","Colon","Pancreas_Mafa","Colon_Ins2",0.658119505228146,0.155343524446873,6,"Mafa","Ins2","All_Groups","Metabolic-immune axis (n=12)","p>0.05",FALSE
"Pancreas_vs_Colon","Pancreas","Colon","Pancreas_Ins1","Colon_Ins2",-0.322296188095237,0.677703811904762,4,"Ins1","Ins2","All_Groups","Metabolic-immune axis (n=12)","p>0.05",FALSE
"Pancreas_vs_Colon","Pancreas","Colon","Pancreas_Ins2","Colon_Ins2",-0.502718216836476,0.30944755762809,6,"Ins2","Ins2","All_Groups","Metabolic-immune axis (n=12)","p>0.05",FALSE
"Pancreas_vs_Colon","Pancreas","Colon","Pancreas_Srr","Colon_Ins2",0.50291368065823,0.309228488778623,6,"Srr","Ins2","All_Groups","Metabolic-immune axis (n=12)","p>0.05",FALSE
"Pancreas_vs_Colon","Pancreas","Colon","Pancreas_Glp1r","Colon_Ins2",-0.201895513047909,0.870579717707485,3,"Glp1r","Ins2","All_Groups","Metabolic-immune axis (n=12)","p>0.05",FALSE
"Pancreas_vs_Colon","Pancreas","Colon","Pancreas_Zfand6","Colon_Ins2",-0.740304521654331,0.0924054545536064,6,"Zfand6","Ins2","All_Groups","Metabolic-immune axis (n=12)","p>0.05",FALSE
"Pancreas_vs_Colon","Pancreas","Colon","Pancreas_Ghrhr","Colon_Ins2",0.0726600062903668,0.90756787514829,5,"Ghrhr","Ins2","All_Groups","Metabolic-immune axis (n=12)","p>0.05",FALSE
"Pancreas_vs_Colon","Pancreas","Colon","Pancreas_Insr","Colon_Ins2",-0.572303234781123,0.31332630141881,5,"Insr","Ins2","All_Groups","Metabolic-immune axis (n=12)","p>0.05",FALSE
"Pancreas_vs_Colon","Pancreas","Colon","Pancreas_Glut1","Colon_Ins2",0.796391620279091,0.203608379720909,4,"Glut1","Ins2","All_Groups","Metabolic-immune axis (n=12)","p>0.05",FALSE
"Pancreas_vs_Colon","Pancreas","Colon","Pancreas_Tcf19","Colon_Ins2",0.182087847512166,0.883428947820625,3,"Tcf19","Ins2","All_Groups","Metabolic-immune axis (n=12)","p>0.05",FALSE
"Pancreas_vs_Colon","Pancreas","Colon","Pancreas_Tbc1d4","Colon_Srr",-0.668811731502389,0.0244383774856431,11,"Tbc1d4","Srr","All_Groups","Metabolic-immune axis (n=12)","p<0.05",TRUE
"Pancreas_vs_Colon","Pancreas","Colon","Pancreas_Mafa","Colon_Srr",0.589109425530497,0.0565127838775749,11,"Mafa","Srr","All_Groups","Metabolic-immune axis (n=12)","p>0.05",FALSE
"Pancreas_vs_Colon","Pancreas","Colon","Pancreas_Ins1","Colon_Srr",-0.690281354748123,0.129033479313435,6,"Ins1","Srr","All_Groups","Metabolic-immune axis (n=12)","p>0.05",FALSE
"Pancreas_vs_Colon","Pancreas","Colon","Pancreas_Ins2","Colon_Srr",-0.221727047599919,0.512309394603205,11,"Ins2","Srr","All_Groups","Metabolic-immune axis (n=12)","p>0.05",FALSE
"Pancreas_vs_Colon","Pancreas","Colon","Pancreas_Srr","Colon_Srr",0.48951001471719,0.126449209005137,11,"Srr","Srr","All_Groups","Metabolic-immune axis (n=12)","p>0.05",FALSE
"Pancreas_vs_Colon","Pancreas","Colon","Pancreas_Glp1r","Colon_Srr",0.542137842681853,0.208699595162139,7,"Glp1r","Srr","All_Groups","Metabolic-immune axis (n=12)","p>0.05",FALSE
"Pancreas_vs_Colon","Pancreas","Colon","Pancreas_Zfand6","Colon_Srr",-0.823454945859906,0.00183955942270792,11,"Zfand6","Srr","All_Groups","Metabolic-immune axis (n=12)","p<0.01",TRUE
"Pancreas_vs_Colon","Pancreas","Colon","Pancreas_Ghrhr","Colon_Srr",0.400016626025212,0.252050444205268,10,"Ghrhr","Srr","All_Groups","Metabolic-immune axis (n=12)","p>0.05",FALSE
"Pancreas_vs_Colon","Pancreas","Colon","Pancreas_Insr","Colon_Srr",-0.23040458669605,0.521904526643584,10,"Insr","Srr","All_Groups","Metabolic-immune axis (n=12)","p>0.05",FALSE
"Pancreas_vs_Colon","Pancreas","Colon","Pancreas_Glut1","Colon_Srr",0.403654507316206,0.281311509199383,9,"Glut1","Srr","All_Groups","Metabolic-immune axis (n=12)","p>0.05",FALSE
"Pancreas_vs_Colon","Pancreas","Colon","Pancreas_Tcf19","Colon_Srr",0.740148247918639,0.0571439741010045,7,"Tcf19","Srr","All_Groups","Metabolic-immune axis (n=12)","p>0.05",FALSE
"Pancreas_vs_Colon","Pancreas","Colon","Pancreas_Tbc1d4","Colon_Glp1r",-0.478539257476872,0.115534654377375,12,"Tbc1d4","Glp1r","All_Groups","Metabolic-immune axis (n=12)","p>0.05",FALSE
"Pancreas_vs_Colon","Pancreas","Colon","Pancreas_Mafa","Colon_Glp1r",0.269834683167803,0.396339933637172,12,"Mafa","Glp1r","All_Groups","Metabolic-immune axis (n=12)","p>0.05",FALSE
"Pancreas_vs_Colon","Pancreas","Colon","Pancreas_Ins1","Colon_Glp1r",-0.668591651837394,0.146547702973698,6,"Ins1","Glp1r","All_Groups","Metabolic-immune axis (n=12)","p>0.05",FALSE
"Pancreas_vs_Colon","Pancreas","Colon","Pancreas_Ins2","Colon_Glp1r",0.0496402893102859,0.878238828966676,12,"Ins2","Glp1r","All_Groups","Metabolic-immune axis (n=12)","p>0.05",FALSE
"Pancreas_vs_Colon","Pancreas","Colon","Pancreas_Srr","Colon_Glp1r",0.334404469923571,0.288048614866403,12,"Srr","Glp1r","All_Groups","Metabolic-immune axis (n=12)","p>0.05",FALSE
"Pancreas_vs_Colon","Pancreas","Colon","Pancreas_Glp1r","Colon_Glp1r",0.654385745244609,0.0783048861168326,8,"Glp1r","Glp1r","All_Groups","Metabolic-immune axis (n=12)","p>0.05",FALSE
"Pancreas_vs_Colon","Pancreas","Colon","Pancreas_Zfand6","Colon_Glp1r",-0.681269196131985,0.0147101701177453,12,"Zfand6","Glp1r","All_Groups","Metabolic-immune axis (n=12)","p<0.05",TRUE
"Pancreas_vs_Colon","Pancreas","Colon","Pancreas_Ghrhr","Colon_Glp1r",0.227864723294365,0.52663050581502,10,"Ghrhr","Glp1r","All_Groups","Metabolic-immune axis (n=12)","p>0.05",FALSE
"Pancreas_vs_Colon","Pancreas","Colon","Pancreas_Insr","Colon_Glp1r",0.0245483722602911,0.942886411983624,11,"Insr","Glp1r","All_Groups","Metabolic-immune axis (n=12)","p>0.05",FALSE
"Pancreas_vs_Colon","Pancreas","Colon","Pancreas_Glut1","Colon_Glp1r",0.484583061287926,0.155780912183766,10,"Glut1","Glp1r","All_Groups","Metabolic-immune axis (n=12)","p>0.05",FALSE
"Pancreas_vs_Colon","Pancreas","Colon","Pancreas_Tcf19","Colon_Glp1r",0.379462022153072,0.353857460361547,8,"Tcf19","Glp1r","All_Groups","Metabolic-immune axis (n=12)","p>0.05",FALSE
"Pancreas_vs_Colon","Pancreas","Colon","Pancreas_Tbc1d4","Colon_Zfand6",-0.530898100744684,0.0757350909911629,12,"Tbc1d4","Zfand6","All_Groups","Metabolic-immune axis (n=12)","p>0.05",FALSE
"Pancreas_vs_Colon","Pancreas","Colon","Pancreas_Mafa","Colon_Zfand6",0.380100839419479,0.222924192645911,12,"Mafa","Zfand6","All_Groups","Metabolic-immune axis (n=12)","p>0.05",FALSE
"Pancreas_vs_Colon","Pancreas","Colon","Pancreas_Ins1","Colon_Zfand6",-0.587904191491598,0.219742769032886,6,"Ins1","Zfand6","All_Groups","Metabolic-immune axis (n=12)","p>0.05",FALSE
"Pancreas_vs_Colon","Pancreas","Colon","Pancreas_Ins2","Colon_Zfand6",-0.246684045183298,0.439561951426163,12,"Ins2","Zfand6","All_Groups","Metabolic-immune axis (n=12)","p>0.05",FALSE
"Pancreas_vs_Colon","Pancreas","Colon","Pancreas_Srr","Colon_Zfand6",0.578420117500032,0.048814055500713,12,"Srr","Zfand6","All_Groups","Metabolic-immune axis (n=12)","p<0.05",TRUE
"Pancreas_vs_Colon","Pancreas","Colon","Pancreas_Glp1r","Colon_Zfand6",0.591279398999009,0.122646991790326,8,"Glp1r","Zfand6","All_Groups","Metabolic-immune axis (n=12)","p>0.05",FALSE
"Pancreas_vs_Colon","Pancreas","Colon","Pancreas_Zfand6","Colon_Zfand6",-0.821425257161605,0.00105079655587489,12,"Zfand6","Zfand6","All_Groups","Metabolic-immune axis (n=12)","p<0.01",TRUE
"Pancreas_vs_Colon","Pancreas","Colon","Pancreas_Ghrhr","Colon_Zfand6",0.558493918697153,0.093342994438475,10,"Ghrhr","Zfand6","All_Groups","Metabolic-immune axis (n=12)","p>0.05",FALSE
"Pancreas_vs_Colon","Pancreas","Colon","Pancreas_Insr","Colon_Zfand6",-0.0874739902038719,0.798149873491813,11,"Insr","Zfand6","All_Groups","Metabolic-immune axis (n=12)","p>0.05",FALSE
"Pancreas_vs_Colon","Pancreas","Colon","Pancreas_Glut1","Colon_Zfand6",0.475860418734307,0.164471175613959,10,"Glut1","Zfand6","All_Groups","Metabolic-immune axis (n=12)","p>0.05",FALSE
"Pancreas_vs_Colon","Pancreas","Colon","Pancreas_Tcf19","Colon_Zfand6",0.375358231994749,0.359516153143339,8,"Tcf19","Zfand6","All_Groups","Metabolic-immune axis (n=12)","p>0.05",FALSE
"Pancreas_vs_Colon","Pancreas","Colon","Pancreas_Tbc1d4","Colon_Ghrhr",-0.545138789337917,0.0668012964122953,12,"Tbc1d4","Ghrhr","All_Groups","Metabolic-immune axis (n=12)","p>0.05",FALSE
"Pancreas_vs_Colon","Pancreas","Colon","Pancreas_Mafa","Colon_Ghrhr",0.516286059468956,0.0857179767174251,12,"Mafa","Ghrhr","All_Groups","Metabolic-immune axis (n=12)","p>0.05",FALSE
"Pancreas_vs_Colon","Pancreas","Colon","Pancreas_Ins1","Colon_Ghrhr",-0.529225335108633,0.280274569136659,6,"Ins1","Ghrhr","All_Groups","Metabolic-immune axis (n=12)","p>0.05",FALSE
"Pancreas_vs_Colon","Pancreas","Colon","Pancreas_Ins2","Colon_Ghrhr",-0.318431766226214,0.313095321545189,12,"Ins2","Ghrhr","All_Groups","Metabolic-immune axis (n=12)","p>0.05",FALSE
"Pancreas_vs_Colon","Pancreas","Colon","Pancreas_Srr","Colon_Ghrhr",0.538888866695511,0.0706273384619875,12,"Srr","Ghrhr","All_Groups","Metabolic-immune axis (n=12)","p>0.05",FALSE
"Pancreas_vs_Colon","Pancreas","Colon","Pancreas_Glp1r","Colon_Ghrhr",0.753509360696172,0.0308601458630381,8,"Glp1r","Ghrhr","All_Groups","Metabolic-immune axis (n=12)","p<0.05",TRUE
"Pancreas_vs_Colon","Pancreas","Colon","Pancreas_Zfand6","Colon_Ghrhr",-0.848224850209074,0.000488776341540761,12,"Zfand6","Ghrhr","All_Groups","Metabolic-immune axis (n=12)","p<0.001",TRUE
"Pancreas_vs_Colon","Pancreas","Colon","Pancreas_Ghrhr","Colon_Ghrhr",0.725413062693591,0.0175769042949867,10,"Ghrhr","Ghrhr","All_Groups","Metabolic-immune axis (n=12)","p<0.05",TRUE
"Pancreas_vs_Colon","Pancreas","Colon","Pancreas_Insr","Colon_Ghrhr",-0.157549734090562,0.643617598331934,11,"Insr","Ghrhr","All_Groups","Metabolic-immune axis (n=12)","p>0.05",FALSE
"Pancreas_vs_Colon","Pancreas","Colon","Pancreas_Glut1","Colon_Ghrhr",0.496636705909459,0.144237995942877,10,"Glut1","Ghrhr","All_Groups","Metabolic-immune axis (n=12)","p>0.05",FALSE
"Pancreas_vs_Colon","Pancreas","Colon","Pancreas_Tcf19","Colon_Ghrhr",-0.133727670493502,0.752233910222458,8,"Tcf19","Ghrhr","All_Groups","Metabolic-immune axis (n=12)","p>0.05",FALSE
"Pancreas_vs_Colon","Pancreas","Colon","Pancreas_Tbc1d4","Colon_Insr",-0.52806891756452,0.0776025126761789,12,"Tbc1d4","Insr","All_Groups","Metabolic-immune axis (n=12)","p>0.05",FALSE
"Pancreas_vs_Colon","Pancreas","Colon","Pancreas_Mafa","Colon_Insr",0.488276910889683,0.107270417707209,12,"Mafa","Insr","All_Groups","Metabolic-immune axis (n=12)","p>0.05",FALSE
"Pancreas_vs_Colon","Pancreas","Colon","Pancreas_Ins1","Colon_Insr",-0.558389190753423,0.249468666663887,6,"Ins1","Insr","All_Groups","Metabolic-immune axis (n=12)","p>0.05",FALSE
"Pancreas_vs_Colon","Pancreas","Colon","Pancreas_Ins2","Colon_Insr",0.0431463670103233,0.89408260171514,12,"Ins2","Insr","All_Groups","Metabolic-immune axis (n=12)","p>0.05",FALSE
"Pancreas_vs_Colon","Pancreas","Colon","Pancreas_Srr","Colon_Insr",0.384265702979697,0.217474115824452,12,"Srr","Insr","All_Groups","Metabolic-immune axis (n=12)","p>0.05",FALSE
"Pancreas_vs_Colon","Pancreas","Colon","Pancreas_Glp1r","Colon_Insr",0.664233062059395,0.0724042218812563,8,"Glp1r","Insr","All_Groups","Metabolic-immune axis (n=12)","p>0.05",FALSE
"Pancreas_vs_Colon","Pancreas","Colon","Pancreas_Zfand6","Colon_Insr",-0.685382895080978,0.0138926941377712,12,"Zfand6","Insr","All_Groups","Metabolic-immune axis (n=12)","p<0.05",TRUE
"Pancreas_vs_Colon","Pancreas","Colon","Pancreas_Ghrhr","Colon_Insr",0.223763159065465,0.534298923777191,10,"Ghrhr","Insr","All_Groups","Metabolic-immune axis (n=12)","p>0.05",FALSE
"Pancreas_vs_Colon","Pancreas","Colon","Pancreas_Insr","Colon_Insr",-0.0674451439064754,0.843804077396911,11,"Insr","Insr","All_Groups","Metabolic-immune axis (n=12)","p>0.05",FALSE
"Pancreas_vs_Colon","Pancreas","Colon","Pancreas_Glut1","Colon_Insr",0.435323202549257,0.208598285455904,10,"Glut1","Insr","All_Groups","Metabolic-immune axis (n=12)","p>0.05",FALSE
"Pancreas_vs_Colon","Pancreas","Colon","Pancreas_Tcf19","Colon_Insr",0.437480429060852,0.278376134288731,8,"Tcf19","Insr","All_Groups","Metabolic-immune axis (n=12)","p>0.05",FALSE
"Pancreas_vs_Colon","Pancreas","Colon","Pancreas_Tbc1d4","Colon_Glut1",-0.530586247353465,0.0759394083988194,12,"Tbc1d4","Glut1","All_Groups","Metabolic-immune axis (n=12)","p>0.05",FALSE
"Pancreas_vs_Colon","Pancreas","Colon","Pancreas_Mafa","Colon_Glut1",0.395741829795073,0.202876895570668,12,"Mafa","Glut1","All_Groups","Metabolic-immune axis (n=12)","p>0.05",FALSE
"Pancreas_vs_Colon","Pancreas","Colon","Pancreas_Ins1","Colon_Glut1",-0.647080273086617,0.164850012678784,6,"Ins1","Glut1","All_Groups","Metabolic-immune axis (n=12)","p>0.05",FALSE
"Pancreas_vs_Colon","Pancreas","Colon","Pancreas_Ins2","Colon_Glut1",-0.308539190968459,0.329190823475606,12,"Ins2","Glut1","All_Groups","Metabolic-immune axis (n=12)","p>0.05",FALSE
"Pancreas_vs_Colon","Pancreas","Colon","Pancreas_Srr","Colon_Glut1",0.585871138892354,0.0453111594426679,12,"Srr","Glut1","All_Groups","Metabolic-immune axis (n=12)","p<0.05",TRUE
"Pancreas_vs_Colon","Pancreas","Colon","Pancreas_Glp1r","Colon_Glut1",0.57934198132242,0.132320561839664,8,"Glp1r","Glut1","All_Groups","Metabolic-immune axis (n=12)","p>0.05",FALSE
"Pancreas_vs_Colon","Pancreas","Colon","Pancreas_Zfand6","Colon_Glut1",-0.843899268644362,0.000558222378325315,12,"Zfand6","Glut1","All_Groups","Metabolic-immune axis (n=12)","p<0.001",TRUE
"Pancreas_vs_Colon","Pancreas","Colon","Pancreas_Ghrhr","Colon_Glut1",0.527117141948462,0.11743619426793,10,"Ghrhr","Glut1","All_Groups","Metabolic-immune axis (n=12)","p>0.05",FALSE
"Pancreas_vs_Colon","Pancreas","Colon","Pancreas_Insr","Colon_Glut1",-0.108730082847042,0.750314313236542,11,"Insr","Glut1","All_Groups","Metabolic-immune axis (n=12)","p>0.05",FALSE
"Pancreas_vs_Colon","Pancreas","Colon","Pancreas_Glut1","Colon_Glut1",0.461985886876034,0.17888035170357,10,"Glut1","Glut1","All_Groups","Metabolic-immune axis (n=12)","p>0.05",FALSE
"Pancreas_vs_Colon","Pancreas","Colon","Pancreas_Tcf19","Colon_Glut1",0.39844280385123,0.328223223369433,8,"Tcf19","Glut1","All_Groups","Metabolic-immune axis (n=12)","p>0.05",FALSE
"Pancreas_vs_Colon","Pancreas","Colon","Pancreas_Tbc1d4","Colon_Tcf19",-0.418124439038081,0.176175353421538,12,"Tbc1d4","Tcf19","All_Groups","Metabolic-immune axis (n=12)","p>0.05",FALSE
"Pancreas_vs_Colon","Pancreas","Colon","Pancreas_Mafa","Colon_Tcf19",0.1744747884053,0.587585452842958,12,"Mafa","Tcf19","All_Groups","Metabolic-immune axis (n=12)","p>0.05",FALSE
"Pancreas_vs_Colon","Pancreas","Colon","Pancreas_Ins1","Colon_Tcf19",-0.509410812317601,0.301979675410771,6,"Ins1","Tcf19","All_Groups","Metabolic-immune axis (n=12)","p>0.05",FALSE
"Pancreas_vs_Colon","Pancreas","Colon","Pancreas_Ins2","Colon_Tcf19",0.0133921644622095,0.967050600183939,12,"Ins2","Tcf19","All_Groups","Metabolic-immune axis (n=12)","p>0.05",FALSE
"Pancreas_vs_Colon","Pancreas","Colon","Pancreas_Srr","Colon_Tcf19",0.304716631500509,0.335528456666631,12,"Srr","Tcf19","All_Groups","Metabolic-immune axis (n=12)","p>0.05",FALSE
"Pancreas_vs_Colon","Pancreas","Colon","Pancreas_Glp1r","Colon_Tcf19",0.623547222535889,0.0985525181145343,8,"Glp1r","Tcf19","All_Groups","Metabolic-immune axis (n=12)","p>0.05",FALSE
"Pancreas_vs_Colon","Pancreas","Colon","Pancreas_Zfand6","Colon_Tcf19",-0.623489692663356,0.0302920925761562,12,"Zfand6","Tcf19","All_Groups","Metabolic-immune axis (n=12)","p<0.05",TRUE
"Pancreas_vs_Colon","Pancreas","Colon","Pancreas_Ghrhr","Colon_Tcf19",0.172551769492756,0.633582105922246,10,"Ghrhr","Tcf19","All_Groups","Metabolic-immune axis (n=12)","p>0.05",FALSE
"Pancreas_vs_Colon","Pancreas","Colon","Pancreas_Insr","Colon_Tcf19",-0.0484016862257435,0.887618195575398,11,"Insr","Tcf19","All_Groups","Metabolic-immune axis (n=12)","p>0.05",FALSE
"Pancreas_vs_Colon","Pancreas","Colon","Pancreas_Glut1","Colon_Tcf19",0.467756285359828,0.172800012429239,10,"Glut1","Tcf19","All_Groups","Metabolic-immune axis (n=12)","p>0.05",FALSE
"Pancreas_vs_Colon","Pancreas","Colon","Pancreas_Tcf19","Colon_Tcf19",0.469537982309576,0.240454436432358,8,"Tcf19","Tcf19","All_Groups","Metabolic-immune axis (n=12)","p>0.05",FALSE
"Pancreas_vs_Spleen","Pancreas","Spleen","Pancreas_Tbc1d4","Spleen_Tbc1d4",-0.226109051919223,0.479787418581473,12,"Tbc1d4","Tbc1d4","All_Groups","Metabolic-immune axis (n=12)","p>0.05",FALSE
"Pancreas_vs_Spleen","Pancreas","Spleen","Pancreas_Mafa","Spleen_Tbc1d4",0.445806179237412,0.146350748010814,12,"Mafa","Tbc1d4","All_Groups","Metabolic-immune axis (n=12)","p>0.05",FALSE
"Pancreas_vs_Spleen","Pancreas","Spleen","Pancreas_Ins1","Spleen_Tbc1d4",-0.917258034386714,0.00998611392782327,6,"Ins1","Tbc1d4","All_Groups","Metabolic-immune axis (n=12)","p<0.01",TRUE
"Pancreas_vs_Spleen","Pancreas","Spleen","Pancreas_Ins2","Spleen_Tbc1d4",-0.126228676186687,0.695864729667665,12,"Ins2","Tbc1d4","All_Groups","Metabolic-immune axis (n=12)","p>0.05",FALSE
"Pancreas_vs_Spleen","Pancreas","Spleen","Pancreas_Srr","Spleen_Tbc1d4",0.396227813244953,0.202272339950908,12,"Srr","Tbc1d4","All_Groups","Metabolic-immune axis (n=12)","p>0.05",FALSE
"Pancreas_vs_Spleen","Pancreas","Spleen","Pancreas_Glp1r","Spleen_Tbc1d4",-0.425747690952864,0.292941874951202,8,"Glp1r","Tbc1d4","All_Groups","Metabolic-immune axis (n=12)","p>0.05",FALSE
"Pancreas_vs_Spleen","Pancreas","Spleen","Pancreas_Zfand6","Spleen_Tbc1d4",-0.237769572486238,0.456786550800194,12,"Zfand6","Tbc1d4","All_Groups","Metabolic-immune axis (n=12)","p>0.05",FALSE
"Pancreas_vs_Spleen","Pancreas","Spleen","Pancreas_Ghrhr","Spleen_Tbc1d4",0.374190195254058,0.286762110484616,10,"Ghrhr","Tbc1d4","All_Groups","Metabolic-immune axis (n=12)","p>0.05",FALSE
"Pancreas_vs_Spleen","Pancreas","Spleen","Pancreas_Insr","Spleen_Tbc1d4",0.425657721923799,0.191806109530775,11,"Insr","Tbc1d4","All_Groups","Metabolic-immune axis (n=12)","p>0.05",FALSE
"Pancreas_vs_Spleen","Pancreas","Spleen","Pancreas_Glut1","Spleen_Tbc1d4",0.391141919604146,0.263701922249368,10,"Glut1","Tbc1d4","All_Groups","Metabolic-immune axis (n=12)","p>0.05",FALSE
"Pancreas_vs_Spleen","Pancreas","Spleen","Pancreas_Tcf19","Spleen_Tbc1d4",0.196489887036989,0.640954298613826,8,"Tcf19","Tbc1d4","All_Groups","Metabolic-immune axis (n=12)","p>0.05",FALSE
"Pancreas_vs_Spleen","Pancreas","Spleen","Pancreas_Tbc1d4","Spleen_Mafa",-0.428230618412938,0.164880043704201,12,"Tbc1d4","Mafa","All_Groups","Metabolic-immune axis (n=12)","p>0.05",FALSE
"Pancreas_vs_Spleen","Pancreas","Spleen","Pancreas_Mafa","Spleen_Mafa",0.325876372659201,0.301276019483678,12,"Mafa","Mafa","All_Groups","Metabolic-immune axis (n=12)","p>0.05",FALSE
"Pancreas_vs_Spleen","Pancreas","Spleen","Pancreas_Ins1","Spleen_Mafa",-0.353588457873282,0.491720975869334,6,"Ins1","Mafa","All_Groups","Metabolic-immune axis (n=12)","p>0.05",FALSE
"Pancreas_vs_Spleen","Pancreas","Spleen","Pancreas_Ins2","Spleen_Mafa",-0.387330479975154,0.213515493916436,12,"Ins2","Mafa","All_Groups","Metabolic-immune axis (n=12)","p>0.05",FALSE
"Pancreas_vs_Spleen","Pancreas","Spleen","Pancreas_Srr","Spleen_Mafa",0.728935574612112,0.00715557251923865,12,"Srr","Mafa","All_Groups","Metabolic-immune axis (n=12)","p<0.01",TRUE
"Pancreas_vs_Spleen","Pancreas","Spleen","Pancreas_Glp1r","Spleen_Mafa",-0.444964604677961,0.269275272622436,8,"Glp1r","Mafa","All_Groups","Metabolic-immune axis (n=12)","p>0.05",FALSE
"Pancreas_vs_Spleen","Pancreas","Spleen","Pancreas_Zfand6","Spleen_Mafa",-0.506643593795081,0.0927727771480647,12,"Zfand6","Mafa","All_Groups","Metabolic-immune axis (n=12)","p>0.05",FALSE
"Pancreas_vs_Spleen","Pancreas","Spleen","Pancreas_Ghrhr","Spleen_Mafa",0.736854827125102,0.0150525474878244,10,"Ghrhr","Mafa","All_Groups","Metabolic-immune axis (n=12)","p<0.05",TRUE
"Pancreas_vs_Spleen","Pancreas","Spleen","Pancreas_Insr","Spleen_Mafa",0.086147889029741,0.801156641682423,11,"Insr","Mafa","All_Groups","Metabolic-immune axis (n=12)","p>0.05",FALSE
"Pancreas_vs_Spleen","Pancreas","Spleen","Pancreas_Glut1","Spleen_Mafa",0.28942247425789,0.417308939388069,10,"Glut1","Mafa","All_Groups","Metabolic-immune axis (n=12)","p>0.05",FALSE
"Pancreas_vs_Spleen","Pancreas","Spleen","Pancreas_Tcf19","Spleen_Mafa",-0.156507807855933,0.711304660160364,8,"Tcf19","Mafa","All_Groups","Metabolic-immune axis (n=12)","p>0.05",FALSE
"Pancreas_vs_Spleen","Pancreas","Spleen","Pancreas_Tbc1d4","Spleen_Ins1",NA,NA,NA,"Tbc1d4","Ins1","All_Groups","Metabolic-immune axis (n=12)","p>0.05",NA
"Pancreas_vs_Spleen","Pancreas","Spleen","Pancreas_Mafa","Spleen_Ins1",NA,NA,NA,"Mafa","Ins1","All_Groups","Metabolic-immune axis (n=12)","p>0.05",NA
"Pancreas_vs_Spleen","Pancreas","Spleen","Pancreas_Ins1","Spleen_Ins1",NA,NA,NA,"Ins1","Ins1","All_Groups","Metabolic-immune axis (n=12)","p>0.05",NA
"Pancreas_vs_Spleen","Pancreas","Spleen","Pancreas_Ins2","Spleen_Ins1",NA,NA,NA,"Ins2","Ins1","All_Groups","Metabolic-immune axis (n=12)","p>0.05",NA
"Pancreas_vs_Spleen","Pancreas","Spleen","Pancreas_Srr","Spleen_Ins1",NA,NA,NA,"Srr","Ins1","All_Groups","Metabolic-immune axis (n=12)","p>0.05",NA
"Pancreas_vs_Spleen","Pancreas","Spleen","Pancreas_Glp1r","Spleen_Ins1",NA,NA,NA,"Glp1r","Ins1","All_Groups","Metabolic-immune axis (n=12)","p>0.05",NA
"Pancreas_vs_Spleen","Pancreas","Spleen","Pancreas_Zfand6","Spleen_Ins1",NA,NA,NA,"Zfand6","Ins1","All_Groups","Metabolic-immune axis (n=12)","p>0.05",NA
"Pancreas_vs_Spleen","Pancreas","Spleen","Pancreas_Ghrhr","Spleen_Ins1",NA,NA,NA,"Ghrhr","Ins1","All_Groups","Metabolic-immune axis (n=12)","p>0.05",NA
"Pancreas_vs_Spleen","Pancreas","Spleen","Pancreas_Insr","Spleen_Ins1",NA,NA,NA,"Insr","Ins1","All_Groups","Metabolic-immune axis (n=12)","p>0.05",NA
"Pancreas_vs_Spleen","Pancreas","Spleen","Pancreas_Glut1","Spleen_Ins1",NA,NA,NA,"Glut1","Ins1","All_Groups","Metabolic-immune axis (n=12)","p>0.05",NA
"Pancreas_vs_Spleen","Pancreas","Spleen","Pancreas_Tcf19","Spleen_Ins1",NA,NA,NA,"Tcf19","Ins1","All_Groups","Metabolic-immune axis (n=12)","p>0.05",NA
"Pancreas_vs_Spleen","Pancreas","Spleen","Pancreas_Tbc1d4","Spleen_Ins2",-0.718884102353354,0.107431468610927,6,"Tbc1d4","Ins2","All_Groups","Metabolic-immune axis (n=12)","p>0.05",FALSE
"Pancreas_vs_Spleen","Pancreas","Spleen","Pancreas_Mafa","Spleen_Ins2",0.722625483133735,0.10473480464775,6,"Mafa","Ins2","All_Groups","Metabolic-immune axis (n=12)","p>0.05",FALSE
"Pancreas_vs_Spleen","Pancreas","Spleen","Pancreas_Ins1","Spleen_Ins2",-0.603550829037632,0.396449170962368,4,"Ins1","Ins2","All_Groups","Metabolic-immune axis (n=12)","p>0.05",FALSE
"Pancreas_vs_Spleen","Pancreas","Spleen","Pancreas_Ins2","Spleen_Ins2",-0.551809889934341,0.256296608074324,6,"Ins2","Ins2","All_Groups","Metabolic-immune axis (n=12)","p>0.05",FALSE
"Pancreas_vs_Spleen","Pancreas","Spleen","Pancreas_Srr","Spleen_Ins2",0.596719433640981,0.211159011955813,6,"Srr","Ins2","All_Groups","Metabolic-immune axis (n=12)","p>0.05",FALSE
"Pancreas_vs_Spleen","Pancreas","Spleen","Pancreas_Glp1r","Spleen_Ins2",NA,NA,NA,"Glp1r","Ins2","All_Groups","Metabolic-immune axis (n=12)","p>0.05",NA
"Pancreas_vs_Spleen","Pancreas","Spleen","Pancreas_Zfand6","Spleen_Ins2",-0.781142263721315,0.0666065616119919,6,"Zfand6","Ins2","All_Groups","Metabolic-immune axis (n=12)","p>0.05",FALSE
"Pancreas_vs_Spleen","Pancreas","Spleen","Pancreas_Ghrhr","Spleen_Ins2",0.611653359467447,0.196935786887134,6,"Ghrhr","Ins2","All_Groups","Metabolic-immune axis (n=12)","p>0.05",FALSE
"Pancreas_vs_Spleen","Pancreas","Spleen","Pancreas_Insr","Spleen_Ins2",-0.0727712832050133,0.891035761166892,6,"Insr","Ins2","All_Groups","Metabolic-immune axis (n=12)","p>0.05",FALSE
"Pancreas_vs_Spleen","Pancreas","Spleen","Pancreas_Glut1","Spleen_Ins2",0.430669847952055,0.569330152047945,4,"Glut1","Ins2","All_Groups","Metabolic-immune axis (n=12)","p>0.05",FALSE
"Pancreas_vs_Spleen","Pancreas","Spleen","Pancreas_Tcf19","Spleen_Ins2",NA,NA,NA,"Tcf19","Ins2","All_Groups","Metabolic-immune axis (n=12)","p>0.05",NA
"Pancreas_vs_Spleen","Pancreas","Spleen","Pancreas_Tbc1d4","Spleen_Srr",-0.334748998127038,0.287521273933861,12,"Tbc1d4","Srr","All_Groups","Metabolic-immune axis (n=12)","p>0.05",FALSE
"Pancreas_vs_Spleen","Pancreas","Spleen","Pancreas_Mafa","Spleen_Srr",0.32330898555726,0.305323493625978,12,"Mafa","Srr","All_Groups","Metabolic-immune axis (n=12)","p>0.05",FALSE
"Pancreas_vs_Spleen","Pancreas","Spleen","Pancreas_Ins1","Spleen_Srr",-0.071605523369903,0.892775288270253,6,"Ins1","Srr","All_Groups","Metabolic-immune axis (n=12)","p>0.05",FALSE
"Pancreas_vs_Spleen","Pancreas","Spleen","Pancreas_Ins2","Spleen_Srr",-0.275129419415048,0.386769664506204,12,"Ins2","Srr","All_Groups","Metabolic-immune axis (n=12)","p>0.05",FALSE
"Pancreas_vs_Spleen","Pancreas","Spleen","Pancreas_Srr","Spleen_Srr",0.548176990451275,0.0649941166156059,12,"Srr","Srr","All_Groups","Metabolic-immune axis (n=12)","p>0.05",FALSE
"Pancreas_vs_Spleen","Pancreas","Spleen","Pancreas_Glp1r","Spleen_Srr",-0.130552816871956,0.757980680268843,8,"Glp1r","Srr","All_Groups","Metabolic-immune axis (n=12)","p>0.05",FALSE
"Pancreas_vs_Spleen","Pancreas","Spleen","Pancreas_Zfand6","Spleen_Srr",-0.418866038697563,0.175330473942723,12,"Zfand6","Srr","All_Groups","Metabolic-immune axis (n=12)","p>0.05",FALSE
"Pancreas_vs_Spleen","Pancreas","Spleen","Pancreas_Ghrhr","Spleen_Srr",0.802060314594377,0.00524859737416929,10,"Ghrhr","Srr","All_Groups","Metabolic-immune axis (n=12)","p<0.01",TRUE
"Pancreas_vs_Spleen","Pancreas","Spleen","Pancreas_Insr","Spleen_Srr",-0.0588610511563376,0.86351163412775,11,"Insr","Srr","All_Groups","Metabolic-immune axis (n=12)","p>0.05",FALSE
"Pancreas_vs_Spleen","Pancreas","Spleen","Pancreas_Glut1","Spleen_Srr",0.394448061408785,0.259327337995848,10,"Glut1","Srr","All_Groups","Metabolic-immune axis (n=12)","p>0.05",FALSE
"Pancreas_vs_Spleen","Pancreas","Spleen","Pancreas_Tcf19","Spleen_Srr",0.0434753144109389,0.918586443262069,8,"Tcf19","Srr","All_Groups","Metabolic-immune axis (n=12)","p>0.05",FALSE
"Pancreas_vs_Spleen","Pancreas","Spleen","Pancreas_Tbc1d4","Spleen_Glp1r",0.270826620325954,0.394537927842146,12,"Tbc1d4","Glp1r","All_Groups","Metabolic-immune axis (n=12)","p>0.05",FALSE
"Pancreas_vs_Spleen","Pancreas","Spleen","Pancreas_Mafa","Spleen_Glp1r",0.120446439583976,0.709248014000568,12,"Mafa","Glp1r","All_Groups","Metabolic-immune axis (n=12)","p>0.05",FALSE
"Pancreas_vs_Spleen","Pancreas","Spleen","Pancreas_Ins1","Spleen_Glp1r",-0.0270175488768323,0.959483537386924,6,"Ins1","Glp1r","All_Groups","Metabolic-immune axis (n=12)","p>0.05",FALSE
"Pancreas_vs_Spleen","Pancreas","Spleen","Pancreas_Ins2","Spleen_Glp1r",-0.570620656433896,0.0526803868185373,12,"Ins2","Glp1r","All_Groups","Metabolic-immune axis (n=12)","p>0.05",FALSE
"Pancreas_vs_Spleen","Pancreas","Spleen","Pancreas_Srr","Spleen_Glp1r",0.446731393253333,0.145414189450439,12,"Srr","Glp1r","All_Groups","Metabolic-immune axis (n=12)","p>0.05",FALSE
"Pancreas_vs_Spleen","Pancreas","Spleen","Pancreas_Glp1r","Spleen_Glp1r",-0.830570367008374,0.0106665369892931,8,"Glp1r","Glp1r","All_Groups","Metabolic-immune axis (n=12)","p<0.05",TRUE
"Pancreas_vs_Spleen","Pancreas","Spleen","Pancreas_Zfand6","Spleen_Glp1r",0.0435566342866366,0.893080528170441,12,"Zfand6","Glp1r","All_Groups","Metabolic-immune axis (n=12)","p>0.05",FALSE
"Pancreas_vs_Spleen","Pancreas","Spleen","Pancreas_Ghrhr","Spleen_Glp1r",0.658440979379293,0.0384427273551315,10,"Ghrhr","Glp1r","All_Groups","Metabolic-immune axis (n=12)","p<0.05",TRUE
"Pancreas_vs_Spleen","Pancreas","Spleen","Pancreas_Insr","Spleen_Glp1r",-0.0732524405050412,0.830516352331305,11,"Insr","Glp1r","All_Groups","Metabolic-immune axis (n=12)","p>0.05",FALSE
"Pancreas_vs_Spleen","Pancreas","Spleen","Pancreas_Glut1","Spleen_Glp1r",-0.070000337193627,0.847622382333654,10,"Glut1","Glp1r","All_Groups","Metabolic-immune axis (n=12)","p>0.05",FALSE
"Pancreas_vs_Spleen","Pancreas","Spleen","Pancreas_Tcf19","Spleen_Glp1r",-0.0762751248672005,0.857537873520102,8,"Tcf19","Glp1r","All_Groups","Metabolic-immune axis (n=12)","p>0.05",FALSE
"Pancreas_vs_Spleen","Pancreas","Spleen","Pancreas_Tbc1d4","Spleen_Zfand6",-0.0815484075127604,0.801083299270641,12,"Tbc1d4","Zfand6","All_Groups","Metabolic-immune axis (n=12)","p>0.05",FALSE
"Pancreas_vs_Spleen","Pancreas","Spleen","Pancreas_Mafa","Spleen_Zfand6",0.190886494731421,0.552327309871,12,"Mafa","Zfand6","All_Groups","Metabolic-immune axis (n=12)","p>0.05",FALSE
"Pancreas_vs_Spleen","Pancreas","Spleen","Pancreas_Ins1","Spleen_Zfand6",0.304798737153928,0.556960141582478,6,"Ins1","Zfand6","All_Groups","Metabolic-immune axis (n=12)","p>0.05",FALSE
"Pancreas_vs_Spleen","Pancreas","Spleen","Pancreas_Ins2","Spleen_Zfand6",0.298040788754735,0.346753444915712,12,"Ins2","Zfand6","All_Groups","Metabolic-immune axis (n=12)","p>0.05",FALSE
"Pancreas_vs_Spleen","Pancreas","Spleen","Pancreas_Srr","Spleen_Zfand6",0.0522541067202137,0.871872927036716,12,"Srr","Zfand6","All_Groups","Metabolic-immune axis (n=12)","p>0.05",FALSE
"Pancreas_vs_Spleen","Pancreas","Spleen","Pancreas_Glp1r","Spleen_Zfand6",0.219166590614845,0.602032322846104,8,"Glp1r","Zfand6","All_Groups","Metabolic-immune axis (n=12)","p>0.05",FALSE
"Pancreas_vs_Spleen","Pancreas","Spleen","Pancreas_Zfand6","Spleen_Zfand6",0.0929733688947933,0.773814948860135,12,"Zfand6","Zfand6","All_Groups","Metabolic-immune axis (n=12)","p>0.05",FALSE
"Pancreas_vs_Spleen","Pancreas","Spleen","Pancreas_Ghrhr","Spleen_Zfand6",-0.0415104702077082,0.909352151095622,10,"Ghrhr","Zfand6","All_Groups","Metabolic-immune axis (n=12)","p>0.05",FALSE
"Pancreas_vs_Spleen","Pancreas","Spleen","Pancreas_Insr","Spleen_Zfand6",0.220276646888702,0.515143359489761,11,"Insr","Zfand6","All_Groups","Metabolic-immune axis (n=12)","p>0.05",FALSE
"Pancreas_vs_Spleen","Pancreas","Spleen","Pancreas_Glut1","Spleen_Zfand6",-7.64010565182225e-05,0.999832872689842,10,"Glut1","Zfand6","All_Groups","Metabolic-immune axis (n=12)","p>0.05",FALSE
"Pancreas_vs_Spleen","Pancreas","Spleen","Pancreas_Tcf19","Spleen_Zfand6",0.550332956626298,0.157542022650037,8,"Tcf19","Zfand6","All_Groups","Metabolic-immune axis (n=12)","p>0.05",FALSE
"Pancreas_vs_Spleen","Pancreas","Spleen","Pancreas_Tbc1d4","Spleen_Ghrhr",-0.533230482653198,0.0742188980704119,12,"Tbc1d4","Ghrhr","All_Groups","Metabolic-immune axis (n=12)","p>0.05",FALSE
"Pancreas_vs_Spleen","Pancreas","Spleen","Pancreas_Mafa","Spleen_Ghrhr",0.304200377887765,0.336389404672785,12,"Mafa","Ghrhr","All_Groups","Metabolic-immune axis (n=12)","p>0.05",FALSE
"Pancreas_vs_Spleen","Pancreas","Spleen","Pancreas_Ins1","Spleen_Ghrhr",-0.489922919161108,0.323912364960952,6,"Ins1","Ghrhr","All_Groups","Metabolic-immune axis (n=12)","p>0.05",FALSE
"Pancreas_vs_Spleen","Pancreas","Spleen","Pancreas_Ins2","Spleen_Ghrhr",-0.0367117125065027,0.909816923561425,12,"Ins2","Ghrhr","All_Groups","Metabolic-immune axis (n=12)","p>0.05",FALSE
"Pancreas_vs_Spleen","Pancreas","Spleen","Pancreas_Srr","Spleen_Ghrhr",0.445401330036742,0.146761776643463,12,"Srr","Ghrhr","All_Groups","Metabolic-immune axis (n=12)","p>0.05",FALSE
"Pancreas_vs_Spleen","Pancreas","Spleen","Pancreas_Glp1r","Spleen_Ghrhr",0.286798745850148,0.491012468147851,8,"Glp1r","Ghrhr","All_Groups","Metabolic-immune axis (n=12)","p>0.05",FALSE
"Pancreas_vs_Spleen","Pancreas","Spleen","Pancreas_Zfand6","Spleen_Ghrhr",-0.600410580375634,0.0389936217515206,12,"Zfand6","Ghrhr","All_Groups","Metabolic-immune axis (n=12)","p<0.05",TRUE
"Pancreas_vs_Spleen","Pancreas","Spleen","Pancreas_Ghrhr","Spleen_Ghrhr",0.687673668317169,0.0279676764154502,10,"Ghrhr","Ghrhr","All_Groups","Metabolic-immune axis (n=12)","p<0.05",TRUE
"Pancreas_vs_Spleen","Pancreas","Spleen","Pancreas_Insr","Spleen_Ghrhr",0.14266593912286,0.675611608944134,11,"Insr","Ghrhr","All_Groups","Metabolic-immune axis (n=12)","p>0.05",FALSE
"Pancreas_vs_Spleen","Pancreas","Spleen","Pancreas_Glut1","Spleen_Ghrhr",0.511069502061542,0.131123350120402,10,"Glut1","Ghrhr","All_Groups","Metabolic-immune axis (n=12)","p>0.05",FALSE
"Pancreas_vs_Spleen","Pancreas","Spleen","Pancreas_Tcf19","Spleen_Ghrhr",0.255255395893581,0.541778835239292,8,"Tcf19","Ghrhr","All_Groups","Metabolic-immune axis (n=12)","p>0.05",FALSE
"Pancreas_vs_Spleen","Pancreas","Spleen","Pancreas_Tbc1d4","Spleen_Insr",-0.410527098440962,0.184977465985585,12,"Tbc1d4","Insr","All_Groups","Metabolic-immune axis (n=12)","p>0.05",FALSE
"Pancreas_vs_Spleen","Pancreas","Spleen","Pancreas_Mafa","Spleen_Insr",0.364273067351252,0.244377456679557,12,"Mafa","Insr","All_Groups","Metabolic-immune axis (n=12)","p>0.05",FALSE
"Pancreas_vs_Spleen","Pancreas","Spleen","Pancreas_Ins1","Spleen_Insr",0.18206956470766,0.729913394651858,6,"Ins1","Insr","All_Groups","Metabolic-immune axis (n=12)","p>0.05",FALSE
"Pancreas_vs_Spleen","Pancreas","Spleen","Pancreas_Ins2","Spleen_Insr",-0.107227483798105,0.740123596064181,12,"Ins2","Insr","All_Groups","Metabolic-immune axis (n=12)","p>0.05",FALSE
"Pancreas_vs_Spleen","Pancreas","Spleen","Pancreas_Srr","Spleen_Insr",0.469081266138777,0.123953404157144,12,"Srr","Insr","All_Groups","Metabolic-immune axis (n=12)","p>0.05",FALSE
"Pancreas_vs_Spleen","Pancreas","Spleen","Pancreas_Glp1r","Spleen_Insr",0.133338538910383,0.75293774400385,8,"Glp1r","Insr","All_Groups","Metabolic-immune axis (n=12)","p>0.05",FALSE
"Pancreas_vs_Spleen","Pancreas","Spleen","Pancreas_Zfand6","Spleen_Insr",-0.439197196071134,0.153153402313107,12,"Zfand6","Insr","All_Groups","Metabolic-immune axis (n=12)","p>0.05",FALSE
"Pancreas_vs_Spleen","Pancreas","Spleen","Pancreas_Ghrhr","Spleen_Insr",0.564756025159704,0.0889481712524939,10,"Ghrhr","Insr","All_Groups","Metabolic-immune axis (n=12)","p>0.05",FALSE
"Pancreas_vs_Spleen","Pancreas","Spleen","Pancreas_Insr","Spleen_Insr",0.0261099426769783,0.939258908821009,11,"Insr","Insr","All_Groups","Metabolic-immune axis (n=12)","p>0.05",FALSE
"Pancreas_vs_Spleen","Pancreas","Spleen","Pancreas_Glut1","Spleen_Insr",0.220212586201719,0.54097321477078,10,"Glut1","Insr","All_Groups","Metabolic-immune axis (n=12)","p>0.05",FALSE
"Pancreas_vs_Spleen","Pancreas","Spleen","Pancreas_Tcf19","Spleen_Insr",0.215981132104378,0.607452954091645,8,"Tcf19","Insr","All_Groups","Metabolic-immune axis (n=12)","p>0.05",FALSE
"Pancreas_vs_Spleen","Pancreas","Spleen","Pancreas_Tbc1d4","Spleen_Glut1",-0.187394439518485,0.55975571198038,12,"Tbc1d4","Glut1","All_Groups","Metabolic-immune axis (n=12)","p>0.05",FALSE
"Pancreas_vs_Spleen","Pancreas","Spleen","Pancreas_Mafa","Spleen_Glut1",0.320752497437734,0.309383720148327,12,"Mafa","Glut1","All_Groups","Metabolic-immune axis (n=12)","p>0.05",FALSE
"Pancreas_vs_Spleen","Pancreas","Spleen","Pancreas_Ins1","Spleen_Glut1",-0.123960799417996,0.815011209036575,6,"Ins1","Glut1","All_Groups","Metabolic-immune axis (n=12)","p>0.05",FALSE
"Pancreas_vs_Spleen","Pancreas","Spleen","Pancreas_Ins2","Spleen_Glut1",-0.557443029291459,0.0596918001318324,12,"Ins2","Glut1","All_Groups","Metabolic-immune axis (n=12)","p>0.05",FALSE
"Pancreas_vs_Spleen","Pancreas","Spleen","Pancreas_Srr","Spleen_Glut1",0.616462633441963,0.0327762775684402,12,"Srr","Glut1","All_Groups","Metabolic-immune axis (n=12)","p<0.05",TRUE
"Pancreas_vs_Spleen","Pancreas","Spleen","Pancreas_Glp1r","Spleen_Glut1",-0.625684009023301,0.0970624154086456,8,"Glp1r","Glut1","All_Groups","Metabolic-immune axis (n=12)","p>0.05",FALSE
"Pancreas_vs_Spleen","Pancreas","Spleen","Pancreas_Zfand6","Spleen_Glut1",-0.38835318776923,0.212204300839274,12,"Zfand6","Glut1","All_Groups","Metabolic-immune axis (n=12)","p>0.05",FALSE
"Pancreas_vs_Spleen","Pancreas","Spleen","Pancreas_Ghrhr","Spleen_Glut1",0.866663709018806,0.0011736379328124,10,"Ghrhr","Glut1","All_Groups","Metabolic-immune axis (n=12)","p<0.01",TRUE
"Pancreas_vs_Spleen","Pancreas","Spleen","Pancreas_Insr","Spleen_Glut1",-0.139522706087894,0.682432357573145,11,"Insr","Glut1","All_Groups","Metabolic-immune axis (n=12)","p>0.05",FALSE
"Pancreas_vs_Spleen","Pancreas","Spleen","Pancreas_Glut1","Spleen_Glut1",0.0335477968897694,0.926696730944359,10,"Glut1","Glut1","All_Groups","Metabolic-immune axis (n=12)","p>0.05",FALSE
"Pancreas_vs_Spleen","Pancreas","Spleen","Pancreas_Tcf19","Spleen_Glut1",-0.16527331353073,0.695709400342563,8,"Tcf19","Glut1","All_Groups","Metabolic-immune axis (n=12)","p>0.05",FALSE
"Pancreas_vs_Spleen","Pancreas","Spleen","Pancreas_Tbc1d4","Spleen_Tcf19",0.0936382297118022,0.772235006581442,12,"Tbc1d4","Tcf19","All_Groups","Metabolic-immune axis (n=12)","p>0.05",FALSE
"Pancreas_vs_Spleen","Pancreas","Spleen","Pancreas_Mafa","Spleen_Tcf19",-0.0544461553439251,0.866539595117187,12,"Mafa","Tcf19","All_Groups","Metabolic-immune axis (n=12)","p>0.05",FALSE
"Pancreas_vs_Spleen","Pancreas","Spleen","Pancreas_Ins1","Spleen_Tcf19",0.293857022260256,0.571902029987487,6,"Ins1","Tcf19","All_Groups","Metabolic-immune axis (n=12)","p>0.05",FALSE
"Pancreas_vs_Spleen","Pancreas","Spleen","Pancreas_Ins2","Spleen_Tcf19",0.777035363612118,0.00294332686392846,12,"Ins2","Tcf19","All_Groups","Metabolic-immune axis (n=12)","p<0.01",TRUE
"Pancreas_vs_Spleen","Pancreas","Spleen","Pancreas_Srr","Spleen_Tcf19",-0.480484097255529,0.113851583031179,12,"Srr","Tcf19","All_Groups","Metabolic-immune axis (n=12)","p>0.05",FALSE
"Pancreas_vs_Spleen","Pancreas","Spleen","Pancreas_Glp1r","Spleen_Tcf19",0.372525513868921,0.363445951006464,8,"Glp1r","Tcf19","All_Groups","Metabolic-immune axis (n=12)","p>0.05",FALSE
"Pancreas_vs_Spleen","Pancreas","Spleen","Pancreas_Zfand6","Spleen_Tcf19",0.503938883842644,0.0948197087410797,12,"Zfand6","Tcf19","All_Groups","Metabolic-immune axis (n=12)","p>0.05",FALSE
"Pancreas_vs_Spleen","Pancreas","Spleen","Pancreas_Ghrhr","Spleen_Tcf19",-0.602058185015208,0.065514576614975,10,"Ghrhr","Tcf19","All_Groups","Metabolic-immune axis (n=12)","p>0.05",FALSE
"Pancreas_vs_Spleen","Pancreas","Spleen","Pancreas_Insr","Spleen_Tcf19",0.421290907639639,0.196896792813217,11,"Insr","Tcf19","All_Groups","Metabolic-immune axis (n=12)","p>0.05",FALSE
"Pancreas_vs_Spleen","Pancreas","Spleen","Pancreas_Glut1","Spleen_Tcf19",0.048123037093633,0.894974302899477,10,"Glut1","Tcf19","All_Groups","Metabolic-immune axis (n=12)","p>0.05",FALSE
"Pancreas_vs_Spleen","Pancreas","Spleen","Pancreas_Tcf19","Spleen_Tcf19",0.375473597821675,0.359356518049124,8,"Tcf19","Tcf19","All_Groups","Metabolic-immune axis (n=12)","p>0.05",FALSE
"Kidney_vs_Liver","Kidney","Liver","Kidney_Tbc1d4","Liver_Tbc1d4",0.313041730544563,0.321810164038713,12,"Tbc1d4","Tbc1d4","All_Groups","Metabolic-immune axis (n=12)","p>0.05",FALSE
"Kidney_vs_Liver","Kidney","Liver","Kidney_Mafa","Liver_Tbc1d4",-0.219655544932353,0.492740641956257,12,"Mafa","Tbc1d4","All_Groups","Metabolic-immune axis (n=12)","p>0.05",FALSE
"Kidney_vs_Liver","Kidney","Liver","Kidney_Ins1","Liver_Tbc1d4",NA,NA,NA,"Ins1","Tbc1d4","All_Groups","Metabolic-immune axis (n=12)","p>0.05",NA
"Kidney_vs_Liver","Kidney","Liver","Kidney_Ins2","Liver_Tbc1d4",-0.359986301021301,0.250389657852961,12,"Ins2","Tbc1d4","All_Groups","Metabolic-immune axis (n=12)","p>0.05",FALSE
"Kidney_vs_Liver","Kidney","Liver","Kidney_Srr","Liver_Tbc1d4",-0.0737747473789299,0.819756056528108,12,"Srr","Tbc1d4","All_Groups","Metabolic-immune axis (n=12)","p>0.05",FALSE
"Kidney_vs_Liver","Kidney","Liver","Kidney_Glp1r","Liver_Tbc1d4",-0.310539821808174,0.325900056981027,12,"Glp1r","Tbc1d4","All_Groups","Metabolic-immune axis (n=12)","p>0.05",FALSE
"Kidney_vs_Liver","Kidney","Liver","Kidney_Zfand6","Liver_Tbc1d4",0.0473046573509317,0.883932833003563,12,"Zfand6","Tbc1d4","All_Groups","Metabolic-immune axis (n=12)","p>0.05",FALSE
"Kidney_vs_Liver","Kidney","Liver","Kidney_Ghrhr","Liver_Tbc1d4",-0.164772853511036,0.608829230684157,12,"Ghrhr","Tbc1d4","All_Groups","Metabolic-immune axis (n=12)","p>0.05",FALSE
"Kidney_vs_Liver","Kidney","Liver","Kidney_Insr","Liver_Tbc1d4",0.389992398596754,0.210112915795334,12,"Insr","Tbc1d4","All_Groups","Metabolic-immune axis (n=12)","p>0.05",FALSE
"Kidney_vs_Liver","Kidney","Liver","Kidney_Glut1","Liver_Tbc1d4",0.476954835608522,0.116917888824179,12,"Glut1","Tbc1d4","All_Groups","Metabolic-immune axis (n=12)","p>0.05",FALSE
"Kidney_vs_Liver","Kidney","Liver","Kidney_Glut4","Liver_Tbc1d4",-0.63331949420554,0.25136380444763,5,"Glut4","Tbc1d4","All_Groups","Metabolic-immune axis (n=12)","p>0.05",FALSE
"Kidney_vs_Liver","Kidney","Liver","Kidney_Tbc1d4","Liver_Mafa",0.266596082548384,0.402252312749653,12,"Tbc1d4","Mafa","All_Groups","Metabolic-immune axis (n=12)","p>0.05",FALSE
"Kidney_vs_Liver","Kidney","Liver","Kidney_Mafa","Liver_Mafa",-0.148170778888291,0.645826256024157,12,"Mafa","Mafa","All_Groups","Metabolic-immune axis (n=12)","p>0.05",FALSE
"Kidney_vs_Liver","Kidney","Liver","Kidney_Ins1","Liver_Mafa",NA,NA,NA,"Ins1","Mafa","All_Groups","Metabolic-immune axis (n=12)","p>0.05",NA
"Kidney_vs_Liver","Kidney","Liver","Kidney_Ins2","Liver_Mafa",-0.347062780288764,0.269034134068124,12,"Ins2","Mafa","All_Groups","Metabolic-immune axis (n=12)","p>0.05",FALSE
"Kidney_vs_Liver","Kidney","Liver","Kidney_Srr","Liver_Mafa",0.017298715054466,0.957445924445287,12,"Srr","Mafa","All_Groups","Metabolic-immune axis (n=12)","p>0.05",FALSE
"Kidney_vs_Liver","Kidney","Liver","Kidney_Glp1r","Liver_Mafa",-0.402259955279903,0.194860270528654,12,"Glp1r","Mafa","All_Groups","Metabolic-immune axis (n=12)","p>0.05",FALSE
"Kidney_vs_Liver","Kidney","Liver","Kidney_Zfand6","Liver_Mafa",0.0474169312590964,0.883659004610331,12,"Zfand6","Mafa","All_Groups","Metabolic-immune axis (n=12)","p>0.05",FALSE
"Kidney_vs_Liver","Kidney","Liver","Kidney_Ghrhr","Liver_Mafa",-0.226740505172038,0.478528447905587,12,"Ghrhr","Mafa","All_Groups","Metabolic-immune axis (n=12)","p>0.05",FALSE
"Kidney_vs_Liver","Kidney","Liver","Kidney_Insr","Liver_Mafa",0.387276495964672,0.213584841810018,12,"Insr","Mafa","All_Groups","Metabolic-immune axis (n=12)","p>0.05",FALSE
"Kidney_vs_Liver","Kidney","Liver","Kidney_Glut1","Liver_Mafa",0.457174482717425,0.135109809257313,12,"Glut1","Mafa","All_Groups","Metabolic-immune axis (n=12)","p>0.05",FALSE
"Kidney_vs_Liver","Kidney","Liver","Kidney_Glut4","Liver_Mafa",-0.658880137128418,0.226525867270065,5,"Glut4","Mafa","All_Groups","Metabolic-immune axis (n=12)","p>0.05",FALSE
"Kidney_vs_Liver","Kidney","Liver","Kidney_Tbc1d4","Liver_Ins1",-0.998515362486264,0.0346943760366022,3,"Tbc1d4","Ins1","All_Groups","Metabolic-immune axis (n=12)","p<0.05",TRUE
"Kidney_vs_Liver","Kidney","Liver","Kidney_Mafa","Liver_Ins1",0.853875272221531,0.348492211643615,3,"Mafa","Ins1","All_Groups","Metabolic-immune axis (n=12)","p>0.05",FALSE
"Kidney_vs_Liver","Kidney","Liver","Kidney_Ins1","Liver_Ins1",NA,NA,NA,"Ins1","Ins1","All_Groups","Metabolic-immune axis (n=12)","p>0.05",NA
"Kidney_vs_Liver","Kidney","Liver","Kidney_Ins2","Liver_Ins1",0.147580822899235,0.905702693008662,3,"Ins2","Ins1","All_Groups","Metabolic-immune axis (n=12)","p>0.05",FALSE
"Kidney_vs_Liver","Kidney","Liver","Kidney_Srr","Liver_Ins1",0.893833281249176,0.296011561179043,3,"Srr","Ins1","All_Groups","Metabolic-immune axis (n=12)","p>0.05",FALSE
"Kidney_vs_Liver","Kidney","Liver","Kidney_Glp1r","Liver_Ins1",0.996528283441398,0.0530631438111655,3,"Glp1r","Ins1","All_Groups","Metabolic-immune axis (n=12)","p>0.05",FALSE
"Kidney_vs_Liver","Kidney","Liver","Kidney_Zfand6","Liver_Ins1",0.630350613301036,0.565822279012762,3,"Zfand6","Ins1","All_Groups","Metabolic-immune axis (n=12)","p>0.05",FALSE
"Kidney_vs_Liver","Kidney","Liver","Kidney_Ghrhr","Liver_Ins1",0.949100477179066,0.203991244024723,3,"Ghrhr","Ins1","All_Groups","Metabolic-immune axis (n=12)","p>0.05",FALSE
"Kidney_vs_Liver","Kidney","Liver","Kidney_Insr","Liver_Ins1",0.928527742168095,0.242150358522353,3,"Insr","Ins1","All_Groups","Metabolic-immune axis (n=12)","p>0.05",FALSE
"Kidney_vs_Liver","Kidney","Liver","Kidney_Glut1","Liver_Ins1",-0.687933500867897,0.517036118348674,3,"Glut1","Ins1","All_Groups","Metabolic-immune axis (n=12)","p>0.05",FALSE
"Kidney_vs_Liver","Kidney","Liver","Kidney_Glut4","Liver_Ins1",NA,NA,NA,"Glut4","Ins1","All_Groups","Metabolic-immune axis (n=12)","p>0.05",NA
"Kidney_vs_Liver","Kidney","Liver","Kidney_Tbc1d4","Liver_Ins2",-0.110284332179593,0.746845313038025,11,"Tbc1d4","Ins2","All_Groups","Metabolic-immune axis (n=12)","p>0.05",FALSE
"Kidney_vs_Liver","Kidney","Liver","Kidney_Mafa","Liver_Ins2",-0.0318580750157502,0.925915488631661,11,"Mafa","Ins2","All_Groups","Metabolic-immune axis (n=12)","p>0.05",FALSE
"Kidney_vs_Liver","Kidney","Liver","Kidney_Ins1","Liver_Ins2",NA,NA,NA,"Ins1","Ins2","All_Groups","Metabolic-immune axis (n=12)","p>0.05",NA
"Kidney_vs_Liver","Kidney","Liver","Kidney_Ins2","Liver_Ins2",-0.146826577768565,0.666616740802755,11,"Ins2","Ins2","All_Groups","Metabolic-immune axis (n=12)","p>0.05",FALSE
"Kidney_vs_Liver","Kidney","Liver","Kidney_Srr","Liver_Ins2",0.156233228609349,0.646426657423963,11,"Srr","Ins2","All_Groups","Metabolic-immune axis (n=12)","p>0.05",FALSE
"Kidney_vs_Liver","Kidney","Liver","Kidney_Glp1r","Liver_Ins2",-0.250747444951483,0.457056267441862,11,"Glp1r","Ins2","All_Groups","Metabolic-immune axis (n=12)","p>0.05",FALSE
"Kidney_vs_Liver","Kidney","Liver","Kidney_Zfand6","Liver_Ins2",0.195091192594627,0.565387790784675,11,"Zfand6","Ins2","All_Groups","Metabolic-immune axis (n=12)","p>0.05",FALSE
"Kidney_vs_Liver","Kidney","Liver","Kidney_Ghrhr","Liver_Ins2",-0.0754739987798472,0.825443523367063,11,"Ghrhr","Ins2","All_Groups","Metabolic-immune axis (n=12)","p>0.05",FALSE
"Kidney_vs_Liver","Kidney","Liver","Kidney_Insr","Liver_Ins2",0.363089675552948,0.272412936797567,11,"Insr","Ins2","All_Groups","Metabolic-immune axis (n=12)","p>0.05",FALSE
"Kidney_vs_Liver","Kidney","Liver","Kidney_Glut1","Liver_Ins2",0.203036548088722,0.54933060323033,11,"Glut1","Ins2","All_Groups","Metabolic-immune axis (n=12)","p>0.05",FALSE
"Kidney_vs_Liver","Kidney","Liver","Kidney_Glut4","Liver_Ins2",-0.554327532131162,0.332236265071854,5,"Glut4","Ins2","All_Groups","Metabolic-immune axis (n=12)","p>0.05",FALSE
"Kidney_vs_Liver","Kidney","Liver","Kidney_Tbc1d4","Liver_Srr",0.323569087481721,0.304912071491634,12,"Tbc1d4","Srr","All_Groups","Metabolic-immune axis (n=12)","p>0.05",FALSE
"Kidney_vs_Liver","Kidney","Liver","Kidney_Mafa","Liver_Srr",-0.0926791170423118,0.774514446338713,12,"Mafa","Srr","All_Groups","Metabolic-immune axis (n=12)","p>0.05",FALSE
"Kidney_vs_Liver","Kidney","Liver","Kidney_Ins1","Liver_Srr",NA,NA,NA,"Ins1","Srr","All_Groups","Metabolic-immune axis (n=12)","p>0.05",NA
"Kidney_vs_Liver","Kidney","Liver","Kidney_Ins2","Liver_Srr",-0.186799200297213,0.561025969980397,12,"Ins2","Srr","All_Groups","Metabolic-immune axis (n=12)","p>0.05",FALSE
"Kidney_vs_Liver","Kidney","Liver","Kidney_Srr","Liver_Srr",-0.104726223180111,0.746007124804119,12,"Srr","Srr","All_Groups","Metabolic-immune axis (n=12)","p>0.05",FALSE
"Kidney_vs_Liver","Kidney","Liver","Kidney_Glp1r","Liver_Srr",-0.0832578589927792,0.796989554099758,12,"Glp1r","Srr","All_Groups","Metabolic-immune axis (n=12)","p>0.05",FALSE
"Kidney_vs_Liver","Kidney","Liver","Kidney_Zfand6","Liver_Srr",0.202594359092978,0.527724421276592,12,"Zfand6","Srr","All_Groups","Metabolic-immune axis (n=12)","p>0.05",FALSE
"Kidney_vs_Liver","Kidney","Liver","Kidney_Ghrhr","Liver_Srr",0.0918897445424585,0.776391707096978,12,"Ghrhr","Srr","All_Groups","Metabolic-immune axis (n=12)","p>0.05",FALSE
"Kidney_vs_Liver","Kidney","Liver","Kidney_Insr","Liver_Srr",0.579109386900002,0.048482269317176,12,"Insr","Srr","All_Groups","Metabolic-immune axis (n=12)","p<0.05",TRUE
"Kidney_vs_Liver","Kidney","Liver","Kidney_Glut1","Liver_Srr",0.40825321410043,0.187664027580175,12,"Glut1","Srr","All_Groups","Metabolic-immune axis (n=12)","p>0.05",FALSE
"Kidney_vs_Liver","Kidney","Liver","Kidney_Glut4","Liver_Srr",-0.671427617917588,0.214596777218659,5,"Glut4","Srr","All_Groups","Metabolic-immune axis (n=12)","p>0.05",FALSE
"Kidney_vs_Liver","Kidney","Liver","Kidney_Tbc1d4","Liver_Glp1r",-0.12000218173215,0.710279452817246,12,"Tbc1d4","Glp1r","All_Groups","Metabolic-immune axis (n=12)","p>0.05",FALSE
"Kidney_vs_Liver","Kidney","Liver","Kidney_Mafa","Liver_Glp1r",-0.294967539111675,0.351987515565127,12,"Mafa","Glp1r","All_Groups","Metabolic-immune axis (n=12)","p>0.05",FALSE
"Kidney_vs_Liver","Kidney","Liver","Kidney_Ins1","Liver_Glp1r",NA,NA,NA,"Ins1","Glp1r","All_Groups","Metabolic-immune axis (n=12)","p>0.05",NA
"Kidney_vs_Liver","Kidney","Liver","Kidney_Ins2","Liver_Glp1r",-0.353051275641156,0.26029784881572,12,"Ins2","Glp1r","All_Groups","Metabolic-immune axis (n=12)","p>0.05",FALSE
"Kidney_vs_Liver","Kidney","Liver","Kidney_Srr","Liver_Glp1r",-0.131909586131182,0.682793059185645,12,"Srr","Glp1r","All_Groups","Metabolic-immune axis (n=12)","p>0.05",FALSE
"Kidney_vs_Liver","Kidney","Liver","Kidney_Glp1r","Liver_Glp1r",0.0164714617849227,0.959479421869698,12,"Glp1r","Glp1r","All_Groups","Metabolic-immune axis (n=12)","p>0.05",FALSE
"Kidney_vs_Liver","Kidney","Liver","Kidney_Zfand6","Liver_Glp1r",0.0257415631051726,0.936707557230016,12,"Zfand6","Glp1r","All_Groups","Metabolic-immune axis (n=12)","p>0.05",FALSE
"Kidney_vs_Liver","Kidney","Liver","Kidney_Ghrhr","Liver_Glp1r",0.17570954013017,0.584902645549968,12,"Ghrhr","Glp1r","All_Groups","Metabolic-immune axis (n=12)","p>0.05",FALSE
"Kidney_vs_Liver","Kidney","Liver","Kidney_Insr","Liver_Glp1r",0.369570851616923,0.237066092432979,12,"Insr","Glp1r","All_Groups","Metabolic-immune axis (n=12)","p>0.05",FALSE
"Kidney_vs_Liver","Kidney","Liver","Kidney_Glut1","Liver_Glp1r",0.2025739179309,0.52776696226063,12,"Glut1","Glp1r","All_Groups","Metabolic-immune axis (n=12)","p>0.05",FALSE
"Kidney_vs_Liver","Kidney","Liver","Kidney_Glut4","Liver_Glp1r",-0.578245139962595,0.30713806617477,5,"Glut4","Glp1r","All_Groups","Metabolic-immune axis (n=12)","p>0.05",FALSE
"Kidney_vs_Liver","Kidney","Liver","Kidney_Tbc1d4","Liver_Zfand6",0.294584160248233,0.352643382604324,12,"Tbc1d4","Zfand6","All_Groups","Metabolic-immune axis (n=12)","p>0.05",FALSE
"Kidney_vs_Liver","Kidney","Liver","Kidney_Mafa","Liver_Zfand6",-0.18116151527595,0.573114627440166,12,"Mafa","Zfand6","All_Groups","Metabolic-immune axis (n=12)","p>0.05",FALSE
"Kidney_vs_Liver","Kidney","Liver","Kidney_Ins1","Liver_Zfand6",NA,NA,NA,"Ins1","Zfand6","All_Groups","Metabolic-immune axis (n=12)","p>0.05",NA
"Kidney_vs_Liver","Kidney","Liver","Kidney_Ins2","Liver_Zfand6",-0.316405609353854,0.316355837194528,12,"Ins2","Zfand6","All_Groups","Metabolic-immune axis (n=12)","p>0.05",FALSE
"Kidney_vs_Liver","Kidney","Liver","Kidney_Srr","Liver_Zfand6",-0.029816489645608,0.92671039083704,12,"Srr","Zfand6","All_Groups","Metabolic-immune axis (n=12)","p>0.05",FALSE
"Kidney_vs_Liver","Kidney","Liver","Kidney_Glp1r","Liver_Zfand6",-0.295339053638031,0.351352565214633,12,"Glp1r","Zfand6","All_Groups","Metabolic-immune axis (n=12)","p>0.05",FALSE
"Kidney_vs_Liver","Kidney","Liver","Kidney_Zfand6","Liver_Zfand6",0.0156415217705897,0.961519746476629,12,"Zfand6","Zfand6","All_Groups","Metabolic-immune axis (n=12)","p>0.05",FALSE
"Kidney_vs_Liver","Kidney","Liver","Kidney_Ghrhr","Liver_Zfand6",-0.175932428801824,0.584418874794107,12,"Ghrhr","Zfand6","All_Groups","Metabolic-immune axis (n=12)","p>0.05",FALSE
"Kidney_vs_Liver","Kidney","Liver","Kidney_Insr","Liver_Zfand6",0.40455026206572,0.192090494018535,12,"Insr","Zfand6","All_Groups","Metabolic-immune axis (n=12)","p>0.05",FALSE
"Kidney_vs_Liver","Kidney","Liver","Kidney_Glut1","Liver_Zfand6",0.391870748551864,0.207731887527956,12,"Glut1","Zfand6","All_Groups","Metabolic-immune axis (n=12)","p>0.05",FALSE
"Kidney_vs_Liver","Kidney","Liver","Kidney_Glut4","Liver_Zfand6",-0.613866685117911,0.270725415773883,5,"Glut4","Zfand6","All_Groups","Metabolic-immune axis (n=12)","p>0.05",FALSE
"Kidney_vs_Liver","Kidney","Liver","Kidney_Tbc1d4","Liver_Ghrhr",0.0648675783451197,0.841257176082411,12,"Tbc1d4","Ghrhr","All_Groups","Metabolic-immune axis (n=12)","p>0.05",FALSE
"Kidney_vs_Liver","Kidney","Liver","Kidney_Mafa","Liver_Ghrhr",-0.219096075135664,0.493870946616094,12,"Mafa","Ghrhr","All_Groups","Metabolic-immune axis (n=12)","p>0.05",FALSE
"Kidney_vs_Liver","Kidney","Liver","Kidney_Ins1","Liver_Ghrhr",NA,NA,NA,"Ins1","Ghrhr","All_Groups","Metabolic-immune axis (n=12)","p>0.05",NA
"Kidney_vs_Liver","Kidney","Liver","Kidney_Ins2","Liver_Ghrhr",-0.441217257498003,0.151053134980615,12,"Ins2","Ghrhr","All_Groups","Metabolic-immune axis (n=12)","p>0.05",FALSE
"Kidney_vs_Liver","Kidney","Liver","Kidney_Srr","Liver_Ghrhr",-0.131008922347753,0.68486024559755,12,"Srr","Ghrhr","All_Groups","Metabolic-immune axis (n=12)","p>0.05",FALSE
"Kidney_vs_Liver","Kidney","Liver","Kidney_Glp1r","Liver_Ghrhr",-0.220088924092133,0.4918658819604,12,"Glp1r","Ghrhr","All_Groups","Metabolic-immune axis (n=12)","p>0.05",FALSE
"Kidney_vs_Liver","Kidney","Liver","Kidney_Zfand6","Liver_Ghrhr",0.0737226659867962,0.819881459864927,12,"Zfand6","Ghrhr","All_Groups","Metabolic-immune axis (n=12)","p>0.05",FALSE
"Kidney_vs_Liver","Kidney","Liver","Kidney_Ghrhr","Liver_Ghrhr",-0.0218116329020992,0.946356969040144,12,"Ghrhr","Ghrhr","All_Groups","Metabolic-immune axis (n=12)","p>0.05",FALSE
"Kidney_vs_Liver","Kidney","Liver","Kidney_Insr","Liver_Ghrhr",0.400542358303445,0.196953492613506,12,"Insr","Ghrhr","All_Groups","Metabolic-immune axis (n=12)","p>0.05",FALSE
"Kidney_vs_Liver","Kidney","Liver","Kidney_Glut1","Liver_Ghrhr",0.429322496488711,0.163687824379841,12,"Glut1","Ghrhr","All_Groups","Metabolic-immune axis (n=12)","p>0.05",FALSE
"Kidney_vs_Liver","Kidney","Liver","Kidney_Glut4","Liver_Ghrhr",-0.689261825879562,0.197955596902266,5,"Glut4","Ghrhr","All_Groups","Metabolic-immune axis (n=12)","p>0.05",FALSE
"Kidney_vs_Liver","Kidney","Liver","Kidney_Tbc1d4","Liver_Insr",0.337160813326054,0.283845050712363,12,"Tbc1d4","Insr","All_Groups","Metabolic-immune axis (n=12)","p>0.05",FALSE
"Kidney_vs_Liver","Kidney","Liver","Kidney_Mafa","Liver_Insr",-0.210839613058415,0.510685918931801,12,"Mafa","Insr","All_Groups","Metabolic-immune axis (n=12)","p>0.05",FALSE
"Kidney_vs_Liver","Kidney","Liver","Kidney_Ins1","Liver_Insr",NA,NA,NA,"Ins1","Insr","All_Groups","Metabolic-immune axis (n=12)","p>0.05",NA
"Kidney_vs_Liver","Kidney","Liver","Kidney_Ins2","Liver_Insr",-0.131752298176751,0.683153919820125,12,"Ins2","Insr","All_Groups","Metabolic-immune axis (n=12)","p>0.05",FALSE
"Kidney_vs_Liver","Kidney","Liver","Kidney_Srr","Liver_Insr",-0.0829394614223664,0.797751690700921,12,"Srr","Insr","All_Groups","Metabolic-immune axis (n=12)","p>0.05",FALSE
"Kidney_vs_Liver","Kidney","Liver","Kidney_Glp1r","Liver_Insr",0.0210997742620548,0.948105584776281,12,"Glp1r","Insr","All_Groups","Metabolic-immune axis (n=12)","p>0.05",FALSE
"Kidney_vs_Liver","Kidney","Liver","Kidney_Zfand6","Liver_Insr",-0.108730517448324,0.736594240517538,12,"Zfand6","Insr","All_Groups","Metabolic-immune axis (n=12)","p>0.05",FALSE
"Kidney_vs_Liver","Kidney","Liver","Kidney_Ghrhr","Liver_Insr",-0.056071926048827,0.862587323297325,12,"Ghrhr","Insr","All_Groups","Metabolic-immune axis (n=12)","p>0.05",FALSE
"Kidney_vs_Liver","Kidney","Liver","Kidney_Insr","Liver_Insr",0.266018966455841,0.403310534664135,12,"Insr","Insr","All_Groups","Metabolic-immune axis (n=12)","p>0.05",FALSE
"Kidney_vs_Liver","Kidney","Liver","Kidney_Glut1","Liver_Insr",0.214744632783335,0.502701830167771,12,"Glut1","Insr","All_Groups","Metabolic-immune axis (n=12)","p>0.05",FALSE
"Kidney_vs_Liver","Kidney","Liver","Kidney_Glut4","Liver_Insr",-0.333085830173644,0.583879933543164,5,"Glut4","Insr","All_Groups","Metabolic-immune axis (n=12)","p>0.05",FALSE
"Kidney_vs_Liver","Kidney","Liver","Kidney_Tbc1d4","Liver_Glut1",0.269943193846376,0.396142604263942,12,"Tbc1d4","Glut1","All_Groups","Metabolic-immune axis (n=12)","p>0.05",FALSE
"Kidney_vs_Liver","Kidney","Liver","Kidney_Mafa","Liver_Glut1",-0.203254388449729,0.5263515962026,12,"Mafa","Glut1","All_Groups","Metabolic-immune axis (n=12)","p>0.05",FALSE
"Kidney_vs_Liver","Kidney","Liver","Kidney_Ins1","Liver_Glut1",NA,NA,NA,"Ins1","Glut1","All_Groups","Metabolic-immune axis (n=12)","p>0.05",NA
"Kidney_vs_Liver","Kidney","Liver","Kidney_Ins2","Liver_Glut1",-0.374989616641208,0.229723740787028,12,"Ins2","Glut1","All_Groups","Metabolic-immune axis (n=12)","p>0.05",FALSE
"Kidney_vs_Liver","Kidney","Liver","Kidney_Srr","Liver_Glut1",-0.0948434987967594,0.769372892036807,12,"Srr","Glut1","All_Groups","Metabolic-immune axis (n=12)","p>0.05",FALSE
"Kidney_vs_Liver","Kidney","Liver","Kidney_Glp1r","Liver_Glut1",-0.260229460287038,0.41400356021211,12,"Glp1r","Glut1","All_Groups","Metabolic-immune axis (n=12)","p>0.05",FALSE
"Kidney_vs_Liver","Kidney","Liver","Kidney_Zfand6","Liver_Glut1",0.0214396597627098,0.947270660426488,12,"Zfand6","Glut1","All_Groups","Metabolic-immune axis (n=12)","p>0.05",FALSE
"Kidney_vs_Liver","Kidney","Liver","Kidney_Ghrhr","Liver_Glut1",-0.133601634575076,0.678914915605349,12,"Ghrhr","Glut1","All_Groups","Metabolic-immune axis (n=12)","p>0.05",FALSE
"Kidney_vs_Liver","Kidney","Liver","Kidney_Insr","Liver_Glut1",0.424843557624869,0.168613214549854,12,"Insr","Glut1","All_Groups","Metabolic-immune axis (n=12)","p>0.05",FALSE
"Kidney_vs_Liver","Kidney","Liver","Kidney_Glut1","Liver_Glut1",0.415116656525177,0.179628111000735,12,"Glut1","Glut1","All_Groups","Metabolic-immune axis (n=12)","p>0.05",FALSE
"Kidney_vs_Liver","Kidney","Liver","Kidney_Glut4","Liver_Glut1",-0.628537471833235,0.256087624047535,5,"Glut4","Glut1","All_Groups","Metabolic-immune axis (n=12)","p>0.05",FALSE
"Kidney_vs_Liver","Kidney","Liver","Kidney_Tbc1d4","Liver_Tcf19",0.275589285338855,0.385944096512249,12,"Tbc1d4","Tcf19","All_Groups","Metabolic-immune axis (n=12)","p>0.05",FALSE
"Kidney_vs_Liver","Kidney","Liver","Kidney_Mafa","Liver_Tcf19",-0.142038350636695,0.659686178228228,12,"Mafa","Tcf19","All_Groups","Metabolic-immune axis (n=12)","p>0.05",FALSE
"Kidney_vs_Liver","Kidney","Liver","Kidney_Ins1","Liver_Tcf19",NA,NA,NA,"Ins1","Tcf19","All_Groups","Metabolic-immune axis (n=12)","p>0.05",NA
"Kidney_vs_Liver","Kidney","Liver","Kidney_Ins2","Liver_Tcf19",-0.297313441827326,0.347988413814255,12,"Ins2","Tcf19","All_Groups","Metabolic-immune axis (n=12)","p>0.05",FALSE
"Kidney_vs_Liver","Kidney","Liver","Kidney_Srr","Liver_Tcf19",-0.0463317938543342,0.886306065994285,12,"Srr","Tcf19","All_Groups","Metabolic-immune axis (n=12)","p>0.05",FALSE
"Kidney_vs_Liver","Kidney","Liver","Kidney_Glp1r","Liver_Tcf19",-0.223247610269862,0.485511429462832,12,"Glp1r","Tcf19","All_Groups","Metabolic-immune axis (n=12)","p>0.05",FALSE
"Kidney_vs_Liver","Kidney","Liver","Kidney_Zfand6","Liver_Tcf19",0.169225924035245,0.599042863481503,12,"Zfand6","Tcf19","All_Groups","Metabolic-immune axis (n=12)","p>0.05",FALSE
"Kidney_vs_Liver","Kidney","Liver","Kidney_Ghrhr","Liver_Tcf19",-0.0245863447373717,0.939543282183529,12,"Ghrhr","Tcf19","All_Groups","Metabolic-immune axis (n=12)","p>0.05",FALSE
"Kidney_vs_Liver","Kidney","Liver","Kidney_Insr","Liver_Tcf19",0.512042785621875,0.0887761011389504,12,"Insr","Tcf19","All_Groups","Metabolic-immune axis (n=12)","p>0.05",FALSE
"Kidney_vs_Liver","Kidney","Liver","Kidney_Glut1","Liver_Tcf19",0.472073232800058,0.121248073948421,12,"Glut1","Tcf19","All_Groups","Metabolic-immune axis (n=12)","p>0.05",FALSE
"Kidney_vs_Liver","Kidney","Liver","Kidney_Glut4","Liver_Tcf19",-0.71036308903803,0.178765177947128,5,"Glut4","Tcf19","All_Groups","Metabolic-immune axis (n=12)","p>0.05",FALSE
"Kidney_vs_Colon","Kidney","Colon","Kidney_Tbc1d4","Colon_Tbc1d4",-0.426800225117158,0.19048746713687,11,"Tbc1d4","Tbc1d4","All_Groups","Metabolic-immune axis (n=12)","p>0.05",FALSE
"Kidney_vs_Colon","Kidney","Colon","Kidney_Mafa","Colon_Tbc1d4",-0.872228378931492,0.000462342577780575,11,"Mafa","Tbc1d4","All_Groups","Metabolic-immune axis (n=12)","p<0.001",TRUE
"Kidney_vs_Colon","Kidney","Colon","Kidney_Ins1","Colon_Tbc1d4",NA,NA,NA,"Ins1","Tbc1d4","All_Groups","Metabolic-immune axis (n=12)","p>0.05",NA
"Kidney_vs_Colon","Kidney","Colon","Kidney_Ins2","Colon_Tbc1d4",-0.0846209331969918,0.80462182219621,11,"Ins2","Tbc1d4","All_Groups","Metabolic-immune axis (n=12)","p>0.05",FALSE
"Kidney_vs_Colon","Kidney","Colon","Kidney_Srr","Colon_Tbc1d4",0.329495040076324,0.322424509854365,11,"Srr","Tbc1d4","All_Groups","Metabolic-immune axis (n=12)","p>0.05",FALSE
"Kidney_vs_Colon","Kidney","Colon","Kidney_Glp1r","Colon_Tbc1d4",0.359157387137359,0.278026871663345,11,"Glp1r","Tbc1d4","All_Groups","Metabolic-immune axis (n=12)","p>0.05",FALSE
"Kidney_vs_Colon","Kidney","Colon","Kidney_Zfand6","Colon_Tbc1d4",-0.840813953306309,0.00118562506322116,11,"Zfand6","Tbc1d4","All_Groups","Metabolic-immune axis (n=12)","p<0.01",TRUE
"Kidney_vs_Colon","Kidney","Colon","Kidney_Ghrhr","Colon_Tbc1d4",0.0603619731810292,0.860060444684531,11,"Ghrhr","Tbc1d4","All_Groups","Metabolic-immune axis (n=12)","p>0.05",FALSE
"Kidney_vs_Colon","Kidney","Colon","Kidney_Insr","Colon_Tbc1d4",-0.602075012398509,0.0499969969747855,11,"Insr","Tbc1d4","All_Groups","Metabolic-immune axis (n=12)","p<0.05",TRUE
"Kidney_vs_Colon","Kidney","Colon","Kidney_Glut1","Colon_Tbc1d4",-0.307730604646102,0.357260630005129,11,"Glut1","Tbc1d4","All_Groups","Metabolic-immune axis (n=12)","p>0.05",FALSE
"Kidney_vs_Colon","Kidney","Colon","Kidney_Glut4","Colon_Tbc1d4",0.746926232079005,0.146889043198283,5,"Glut4","Tbc1d4","All_Groups","Metabolic-immune axis (n=12)","p>0.05",FALSE
"Kidney_vs_Colon","Kidney","Colon","Kidney_Tbc1d4","Colon_Mafa",-0.521026894160612,0.0823866326520823,12,"Tbc1d4","Mafa","All_Groups","Metabolic-immune axis (n=12)","p>0.05",FALSE
"Kidney_vs_Colon","Kidney","Colon","Kidney_Mafa","Colon_Mafa",-0.668240630771843,0.01753392036205,12,"Mafa","Mafa","All_Groups","Metabolic-immune axis (n=12)","p<0.05",TRUE
"Kidney_vs_Colon","Kidney","Colon","Kidney_Ins1","Colon_Mafa",NA,NA,NA,"Ins1","Mafa","All_Groups","Metabolic-immune axis (n=12)","p>0.05",NA
"Kidney_vs_Colon","Kidney","Colon","Kidney_Ins2","Colon_Mafa",-0.188001072608123,0.558462347313342,12,"Ins2","Mafa","All_Groups","Metabolic-immune axis (n=12)","p>0.05",FALSE
"Kidney_vs_Colon","Kidney","Colon","Kidney_Srr","Colon_Mafa",0.104473258318281,0.746602854687413,12,"Srr","Mafa","All_Groups","Metabolic-immune axis (n=12)","p>0.05",FALSE
"Kidney_vs_Colon","Kidney","Colon","Kidney_Glp1r","Colon_Mafa",0.35434735012622,0.258429070396633,12,"Glp1r","Mafa","All_Groups","Metabolic-immune axis (n=12)","p>0.05",FALSE
"Kidney_vs_Colon","Kidney","Colon","Kidney_Zfand6","Colon_Mafa",-0.681131411401449,0.0147381503381849,12,"Zfand6","Mafa","All_Groups","Metabolic-immune axis (n=12)","p<0.05",TRUE
"Kidney_vs_Colon","Kidney","Colon","Kidney_Ghrhr","Colon_Mafa",-0.052169643808606,0.872078527684633,12,"Ghrhr","Mafa","All_Groups","Metabolic-immune axis (n=12)","p>0.05",FALSE
"Kidney_vs_Colon","Kidney","Colon","Kidney_Insr","Colon_Mafa",-0.692142570128051,0.0126229304977447,12,"Insr","Mafa","All_Groups","Metabolic-immune axis (n=12)","p<0.05",TRUE
"Kidney_vs_Colon","Kidney","Colon","Kidney_Glut1","Colon_Mafa",-0.449901962706979,0.142234004852601,12,"Glut1","Mafa","All_Groups","Metabolic-immune axis (n=12)","p>0.05",FALSE
"Kidney_vs_Colon","Kidney","Colon","Kidney_Glut4","Colon_Mafa",0.877593664404544,0.05045457569011,5,"Glut4","Mafa","All_Groups","Metabolic-immune axis (n=12)","p>0.05",FALSE
"Kidney_vs_Colon","Kidney","Colon","Kidney_Tbc1d4","Colon_Ins1",NA,NA,NA,"Tbc1d4","Ins1","All_Groups","Metabolic-immune axis (n=12)","p>0.05",NA
"Kidney_vs_Colon","Kidney","Colon","Kidney_Mafa","Colon_Ins1",NA,NA,NA,"Mafa","Ins1","All_Groups","Metabolic-immune axis (n=12)","p>0.05",NA
"Kidney_vs_Colon","Kidney","Colon","Kidney_Ins1","Colon_Ins1",NA,NA,NA,"Ins1","Ins1","All_Groups","Metabolic-immune axis (n=12)","p>0.05",NA
"Kidney_vs_Colon","Kidney","Colon","Kidney_Ins2","Colon_Ins1",NA,NA,NA,"Ins2","Ins1","All_Groups","Metabolic-immune axis (n=12)","p>0.05",NA
"Kidney_vs_Colon","Kidney","Colon","Kidney_Srr","Colon_Ins1",NA,NA,NA,"Srr","Ins1","All_Groups","Metabolic-immune axis (n=12)","p>0.05",NA
"Kidney_vs_Colon","Kidney","Colon","Kidney_Glp1r","Colon_Ins1",NA,NA,NA,"Glp1r","Ins1","All_Groups","Metabolic-immune axis (n=12)","p>0.05",NA
"Kidney_vs_Colon","Kidney","Colon","Kidney_Zfand6","Colon_Ins1",NA,NA,NA,"Zfand6","Ins1","All_Groups","Metabolic-immune axis (n=12)","p>0.05",NA
"Kidney_vs_Colon","Kidney","Colon","Kidney_Ghrhr","Colon_Ins1",NA,NA,NA,"Ghrhr","Ins1","All_Groups","Metabolic-immune axis (n=12)","p>0.05",NA
"Kidney_vs_Colon","Kidney","Colon","Kidney_Insr","Colon_Ins1",NA,NA,NA,"Insr","Ins1","All_Groups","Metabolic-immune axis (n=12)","p>0.05",NA
"Kidney_vs_Colon","Kidney","Colon","Kidney_Glut1","Colon_Ins1",NA,NA,NA,"Glut1","Ins1","All_Groups","Metabolic-immune axis (n=12)","p>0.05",NA
"Kidney_vs_Colon","Kidney","Colon","Kidney_Glut4","Colon_Ins1",NA,NA,NA,"Glut4","Ins1","All_Groups","Metabolic-immune axis (n=12)","p>0.05",NA
"Kidney_vs_Colon","Kidney","Colon","Kidney_Tbc1d4","Colon_Ins2",-0.337614612454852,0.512819350268485,6,"Tbc1d4","Ins2","All_Groups","Metabolic-immune axis (n=12)","p>0.05",FALSE
"Kidney_vs_Colon","Kidney","Colon","Kidney_Mafa","Colon_Ins2",-0.91626329994602,0.0102241784444663,6,"Mafa","Ins2","All_Groups","Metabolic-immune axis (n=12)","p<0.05",TRUE
"Kidney_vs_Colon","Kidney","Colon","Kidney_Ins1","Colon_Ins2",NA,NA,NA,"Ins1","Ins2","All_Groups","Metabolic-immune axis (n=12)","p>0.05",NA
"Kidney_vs_Colon","Kidney","Colon","Kidney_Ins2","Colon_Ins2",0.430675661433863,0.393927697156465,6,"Ins2","Ins2","All_Groups","Metabolic-immune axis (n=12)","p>0.05",FALSE
"Kidney_vs_Colon","Kidney","Colon","Kidney_Srr","Colon_Ins2",0.407285030738874,0.422852897587123,6,"Srr","Ins2","All_Groups","Metabolic-immune axis (n=12)","p>0.05",FALSE
"Kidney_vs_Colon","Kidney","Colon","Kidney_Glp1r","Colon_Ins2",-0.013108291053797,0.980338689600397,6,"Glp1r","Ins2","All_Groups","Metabolic-immune axis (n=12)","p>0.05",FALSE
"Kidney_vs_Colon","Kidney","Colon","Kidney_Zfand6","Colon_Ins2",-0.836927493579662,0.0377206991051227,6,"Zfand6","Ins2","All_Groups","Metabolic-immune axis (n=12)","p<0.05",TRUE
"Kidney_vs_Colon","Kidney","Colon","Kidney_Ghrhr","Colon_Ins2",-0.490915312487332,0.322781797225496,6,"Ghrhr","Ins2","All_Groups","Metabolic-immune axis (n=12)","p>0.05",FALSE
"Kidney_vs_Colon","Kidney","Colon","Kidney_Insr","Colon_Ins2",-0.811117010279436,0.0501458069142433,6,"Insr","Ins2","All_Groups","Metabolic-immune axis (n=12)","p>0.05",FALSE
"Kidney_vs_Colon","Kidney","Colon","Kidney_Glut1","Colon_Ins2",-0.69463791107594,0.125632110539033,6,"Glut1","Ins2","All_Groups","Metabolic-immune axis (n=12)","p>0.05",FALSE
"Kidney_vs_Colon","Kidney","Colon","Kidney_Glut4","Colon_Ins2",0.993123160259963,0.0747031247175419,3,"Glut4","Ins2","All_Groups","Metabolic-immune axis (n=12)","p>0.05",FALSE
"Kidney_vs_Colon","Kidney","Colon","Kidney_Tbc1d4","Colon_Srr",-0.311240774790676,0.351515412899897,11,"Tbc1d4","Srr","All_Groups","Metabolic-immune axis (n=12)","p>0.05",FALSE
"Kidney_vs_Colon","Kidney","Colon","Kidney_Mafa","Colon_Srr",-0.809133532264489,0.00255617848979284,11,"Mafa","Srr","All_Groups","Metabolic-immune axis (n=12)","p<0.01",TRUE
"Kidney_vs_Colon","Kidney","Colon","Kidney_Ins1","Colon_Srr",NA,NA,NA,"Ins1","Srr","All_Groups","Metabolic-immune axis (n=12)","p>0.05",NA
"Kidney_vs_Colon","Kidney","Colon","Kidney_Ins2","Colon_Srr",-0.0606549636647508,0.859387002853111,11,"Ins2","Srr","All_Groups","Metabolic-immune axis (n=12)","p>0.05",FALSE
"Kidney_vs_Colon","Kidney","Colon","Kidney_Srr","Colon_Srr",0.321241729806171,0.335412974612601,11,"Srr","Srr","All_Groups","Metabolic-immune axis (n=12)","p>0.05",FALSE
"Kidney_vs_Colon","Kidney","Colon","Kidney_Glp1r","Colon_Srr",0.348439054018404,0.293653737184088,11,"Glp1r","Srr","All_Groups","Metabolic-immune axis (n=12)","p>0.05",FALSE
"Kidney_vs_Colon","Kidney","Colon","Kidney_Zfand6","Colon_Srr",-0.862080734541709,0.000642219474457083,11,"Zfand6","Srr","All_Groups","Metabolic-immune axis (n=12)","p<0.001",TRUE
"Kidney_vs_Colon","Kidney","Colon","Kidney_Ghrhr","Colon_Srr",-0.0127054214839244,0.970424687956728,11,"Ghrhr","Srr","All_Groups","Metabolic-immune axis (n=12)","p>0.05",FALSE
"Kidney_vs_Colon","Kidney","Colon","Kidney_Insr","Colon_Srr",-0.560897603978003,0.0726381079039345,11,"Insr","Srr","All_Groups","Metabolic-immune axis (n=12)","p>0.05",FALSE
"Kidney_vs_Colon","Kidney","Colon","Kidney_Glut1","Colon_Srr",-0.309982458790011,0.353569385154487,11,"Glut1","Srr","All_Groups","Metabolic-immune axis (n=12)","p>0.05",FALSE
"Kidney_vs_Colon","Kidney","Colon","Kidney_Glut4","Colon_Srr",0.702581178924377,0.18577757066306,5,"Glut4","Srr","All_Groups","Metabolic-immune axis (n=12)","p>0.05",FALSE
"Kidney_vs_Colon","Kidney","Colon","Kidney_Tbc1d4","Colon_Glp1r",-0.404925756560857,0.191638723270325,12,"Tbc1d4","Glp1r","All_Groups","Metabolic-immune axis (n=12)","p>0.05",FALSE
"Kidney_vs_Colon","Kidney","Colon","Kidney_Mafa","Colon_Glp1r",-0.824389441941696,0.000971562472188124,12,"Mafa","Glp1r","All_Groups","Metabolic-immune axis (n=12)","p<0.001",TRUE
"Kidney_vs_Colon","Kidney","Colon","Kidney_Ins1","Colon_Glp1r",NA,NA,NA,"Ins1","Glp1r","All_Groups","Metabolic-immune axis (n=12)","p>0.05",NA
"Kidney_vs_Colon","Kidney","Colon","Kidney_Ins2","Colon_Glp1r",-0.276650302540683,0.384042775246096,12,"Ins2","Glp1r","All_Groups","Metabolic-immune axis (n=12)","p>0.05",FALSE
"Kidney_vs_Colon","Kidney","Colon","Kidney_Srr","Colon_Glp1r",0.161778717393019,0.615442726941312,12,"Srr","Glp1r","All_Groups","Metabolic-immune axis (n=12)","p>0.05",FALSE
"Kidney_vs_Colon","Kidney","Colon","Kidney_Glp1r","Colon_Glp1r",0.124713206560891,0.699364839232536,12,"Glp1r","Glp1r","All_Groups","Metabolic-immune axis (n=12)","p>0.05",FALSE
"Kidney_vs_Colon","Kidney","Colon","Kidney_Zfand6","Colon_Glp1r",-0.730590755932574,0.0069610921043892,12,"Zfand6","Glp1r","All_Groups","Metabolic-immune axis (n=12)","p<0.01",TRUE
"Kidney_vs_Colon","Kidney","Colon","Kidney_Ghrhr","Colon_Glp1r",-0.123862498078411,0.701331986258594,12,"Ghrhr","Glp1r","All_Groups","Metabolic-immune axis (n=12)","p>0.05",FALSE
"Kidney_vs_Colon","Kidney","Colon","Kidney_Insr","Colon_Glp1r",-0.636846236295534,0.0259483044897353,12,"Insr","Glp1r","All_Groups","Metabolic-immune axis (n=12)","p<0.05",TRUE
"Kidney_vs_Colon","Kidney","Colon","Kidney_Glut1","Colon_Glp1r",-0.231451953402148,0.469183067841203,12,"Glut1","Glp1r","All_Groups","Metabolic-immune axis (n=12)","p>0.05",FALSE
"Kidney_vs_Colon","Kidney","Colon","Kidney_Glut4","Colon_Glp1r",0.52574854670604,0.362859717311582,5,"Glut4","Glp1r","All_Groups","Metabolic-immune axis (n=12)","p>0.05",FALSE
"Kidney_vs_Colon","Kidney","Colon","Kidney_Tbc1d4","Colon_Zfand6",-0.503182595701406,0.0953974539829904,12,"Tbc1d4","Zfand6","All_Groups","Metabolic-immune axis (n=12)","p>0.05",FALSE
"Kidney_vs_Colon","Kidney","Colon","Kidney_Mafa","Colon_Zfand6",-0.768140926834485,0.0035215916344116,12,"Mafa","Zfand6","All_Groups","Metabolic-immune axis (n=12)","p<0.01",TRUE
"Kidney_vs_Colon","Kidney","Colon","Kidney_Ins1","Colon_Zfand6",NA,NA,NA,"Ins1","Zfand6","All_Groups","Metabolic-immune axis (n=12)","p>0.05",NA
"Kidney_vs_Colon","Kidney","Colon","Kidney_Ins2","Colon_Zfand6",-0.177558546607553,0.580894201106132,12,"Ins2","Zfand6","All_Groups","Metabolic-immune axis (n=12)","p>0.05",FALSE
"Kidney_vs_Colon","Kidney","Colon","Kidney_Srr","Colon_Zfand6",0.0293774849061806,0.927786973451803,12,"Srr","Zfand6","All_Groups","Metabolic-immune axis (n=12)","p>0.05",FALSE
"Kidney_vs_Colon","Kidney","Colon","Kidney_Glp1r","Colon_Zfand6",0.39230421686894,0.207184760204586,12,"Glp1r","Zfand6","All_Groups","Metabolic-immune axis (n=12)","p>0.05",FALSE
"Kidney_vs_Colon","Kidney","Colon","Kidney_Zfand6","Colon_Zfand6",-0.68784017379238,0.013420680556546,12,"Zfand6","Zfand6","All_Groups","Metabolic-immune axis (n=12)","p<0.05",TRUE
"Kidney_vs_Colon","Kidney","Colon","Kidney_Ghrhr","Colon_Zfand6",0.0485085359315048,0.880997268781868,12,"Ghrhr","Zfand6","All_Groups","Metabolic-immune axis (n=12)","p>0.05",FALSE
"Kidney_vs_Colon","Kidney","Colon","Kidney_Insr","Colon_Zfand6",-0.681965656999793,0.0145693373197635,12,"Insr","Zfand6","All_Groups","Metabolic-immune axis (n=12)","p<0.05",TRUE
"Kidney_vs_Colon","Kidney","Colon","Kidney_Glut1","Colon_Zfand6",-0.398322450383182,0.199679273544746,12,"Glut1","Zfand6","All_Groups","Metabolic-immune axis (n=12)","p>0.05",FALSE
"Kidney_vs_Colon","Kidney","Colon","Kidney_Glut4","Colon_Zfand6",0.746372840461106,0.147357755557409,5,"Glut4","Zfand6","All_Groups","Metabolic-immune axis (n=12)","p>0.05",FALSE
"Kidney_vs_Colon","Kidney","Colon","Kidney_Tbc1d4","Colon_Ghrhr",-0.506818038447581,0.092641787531068,12,"Tbc1d4","Ghrhr","All_Groups","Metabolic-immune axis (n=12)","p>0.05",FALSE
"Kidney_vs_Colon","Kidney","Colon","Kidney_Mafa","Colon_Ghrhr",-0.64102658194911,0.0246867401676552,12,"Mafa","Ghrhr","All_Groups","Metabolic-immune axis (n=12)","p<0.05",TRUE
"Kidney_vs_Colon","Kidney","Colon","Kidney_Ins1","Colon_Ghrhr",NA,NA,NA,"Ins1","Ghrhr","All_Groups","Metabolic-immune axis (n=12)","p>0.05",NA
"Kidney_vs_Colon","Kidney","Colon","Kidney_Ins2","Colon_Ghrhr",-0.210171253064508,0.512057983459019,12,"Ins2","Ghrhr","All_Groups","Metabolic-immune axis (n=12)","p>0.05",FALSE
"Kidney_vs_Colon","Kidney","Colon","Kidney_Srr","Colon_Ghrhr",-0.109013745748153,0.735929697351006,12,"Srr","Ghrhr","All_Groups","Metabolic-immune axis (n=12)","p>0.05",FALSE
"Kidney_vs_Colon","Kidney","Colon","Kidney_Glp1r","Colon_Ghrhr",0.529687710382043,0.0765302119063211,12,"Glp1r","Ghrhr","All_Groups","Metabolic-immune axis (n=12)","p>0.05",FALSE
"Kidney_vs_Colon","Kidney","Colon","Kidney_Zfand6","Colon_Ghrhr",-0.586117097217679,0.0451986485747825,12,"Zfand6","Ghrhr","All_Groups","Metabolic-immune axis (n=12)","p<0.05",TRUE
"Kidney_vs_Colon","Kidney","Colon","Kidney_Ghrhr","Colon_Ghrhr",0.0347366516122012,0.914652653969926,12,"Ghrhr","Ghrhr","All_Groups","Metabolic-immune axis (n=12)","p>0.05",FALSE
"Kidney_vs_Colon","Kidney","Colon","Kidney_Insr","Colon_Ghrhr",-0.609039584532798,0.0355556473477311,12,"Insr","Ghrhr","All_Groups","Metabolic-immune axis (n=12)","p<0.05",TRUE
"Kidney_vs_Colon","Kidney","Colon","Kidney_Glut1","Colon_Ghrhr",-0.400416258461439,0.197107711875538,12,"Glut1","Ghrhr","All_Groups","Metabolic-immune axis (n=12)","p>0.05",FALSE
"Kidney_vs_Colon","Kidney","Colon","Kidney_Glut4","Colon_Ghrhr",0.954282221096472,0.0116536155024614,5,"Glut4","Ghrhr","All_Groups","Metabolic-immune axis (n=12)","p<0.05",TRUE
"Kidney_vs_Colon","Kidney","Colon","Kidney_Tbc1d4","Colon_Insr",-0.342003785470534,0.276544356822404,12,"Tbc1d4","Insr","All_Groups","Metabolic-immune axis (n=12)","p>0.05",FALSE
"Kidney_vs_Colon","Kidney","Colon","Kidney_Mafa","Colon_Insr",-0.804267728231411,0.00161201404163986,12,"Mafa","Insr","All_Groups","Metabolic-immune axis (n=12)","p<0.01",TRUE
"Kidney_vs_Colon","Kidney","Colon","Kidney_Ins1","Colon_Insr",NA,NA,NA,"Ins1","Insr","All_Groups","Metabolic-immune axis (n=12)","p>0.05",NA
"Kidney_vs_Colon","Kidney","Colon","Kidney_Ins2","Colon_Insr",-0.274819070530117,0.387327325348644,12,"Ins2","Insr","All_Groups","Metabolic-immune axis (n=12)","p>0.05",FALSE
"Kidney_vs_Colon","Kidney","Colon","Kidney_Srr","Colon_Insr",0.183553275561224,0.567973401441053,12,"Srr","Insr","All_Groups","Metabolic-immune axis (n=12)","p>0.05",FALSE
"Kidney_vs_Colon","Kidney","Colon","Kidney_Glp1r","Colon_Insr",0.172019732889302,0.592933828884058,12,"Glp1r","Insr","All_Groups","Metabolic-immune axis (n=12)","p>0.05",FALSE
"Kidney_vs_Colon","Kidney","Colon","Kidney_Zfand6","Colon_Insr",-0.714564909505685,0.0090199841578229,12,"Zfand6","Insr","All_Groups","Metabolic-immune axis (n=12)","p<0.01",TRUE
"Kidney_vs_Colon","Kidney","Colon","Kidney_Ghrhr","Colon_Insr",-0.132902259702882,0.680517009402176,12,"Ghrhr","Insr","All_Groups","Metabolic-immune axis (n=12)","p>0.05",FALSE
"Kidney_vs_Colon","Kidney","Colon","Kidney_Insr","Colon_Insr",-0.532920493778154,0.0744192011249572,12,"Insr","Insr","All_Groups","Metabolic-immune axis (n=12)","p>0.05",FALSE
"Kidney_vs_Colon","Kidney","Colon","Kidney_Glut1","Colon_Insr",-0.277879547026865,0.381846032468692,12,"Glut1","Insr","All_Groups","Metabolic-immune axis (n=12)","p>0.05",FALSE
"Kidney_vs_Colon","Kidney","Colon","Kidney_Glut4","Colon_Insr",0.642544091653667,0.242319060732876,5,"Glut4","Insr","All_Groups","Metabolic-immune axis (n=12)","p>0.05",FALSE
"Kidney_vs_Colon","Kidney","Colon","Kidney_Tbc1d4","Colon_Glut1",-0.531222147575245,0.0755231836365876,12,"Tbc1d4","Glut1","All_Groups","Metabolic-immune axis (n=12)","p>0.05",FALSE
"Kidney_vs_Colon","Kidney","Colon","Kidney_Mafa","Colon_Glut1",-0.719836461206486,0.00829840988944547,12,"Mafa","Glut1","All_Groups","Metabolic-immune axis (n=12)","p<0.01",TRUE
"Kidney_vs_Colon","Kidney","Colon","Kidney_Ins1","Colon_Glut1",NA,NA,NA,"Ins1","Glut1","All_Groups","Metabolic-immune axis (n=12)","p>0.05",NA
"Kidney_vs_Colon","Kidney","Colon","Kidney_Ins2","Colon_Glut1",-0.132119468813035,0.68231162712292,12,"Ins2","Glut1","All_Groups","Metabolic-immune axis (n=12)","p>0.05",FALSE
"Kidney_vs_Colon","Kidney","Colon","Kidney_Srr","Colon_Glut1",0.120234253916642,0.709740592238356,12,"Srr","Glut1","All_Groups","Metabolic-immune axis (n=12)","p>0.05",FALSE
"Kidney_vs_Colon","Kidney","Colon","Kidney_Glp1r","Colon_Glut1",0.345959132355255,0.270662394656443,12,"Glp1r","Glut1","All_Groups","Metabolic-immune axis (n=12)","p>0.05",FALSE
"Kidney_vs_Colon","Kidney","Colon","Kidney_Zfand6","Colon_Glut1",-0.69031290001362,0.0129577718196896,12,"Zfand6","Glut1","All_Groups","Metabolic-immune axis (n=12)","p<0.05",TRUE
"Kidney_vs_Colon","Kidney","Colon","Kidney_Ghrhr","Colon_Glut1",0.0112897254583467,0.972221412316209,12,"Ghrhr","Glut1","All_Groups","Metabolic-immune axis (n=12)","p>0.05",FALSE
"Kidney_vs_Colon","Kidney","Colon","Kidney_Insr","Colon_Glut1",-0.700152981880833,0.0112318780446551,12,"Insr","Glut1","All_Groups","Metabolic-immune axis (n=12)","p<0.05",TRUE
"Kidney_vs_Colon","Kidney","Colon","Kidney_Glut1","Colon_Glut1",-0.459907969562589,0.13249310398829,12,"Glut1","Glut1","All_Groups","Metabolic-immune axis (n=12)","p>0.05",FALSE
"Kidney_vs_Colon","Kidney","Colon","Kidney_Glut4","Colon_Glut1",0.725928894001819,0.164973879905831,5,"Glut4","Glut1","All_Groups","Metabolic-immune axis (n=12)","p>0.05",FALSE
"Kidney_vs_Colon","Kidney","Colon","Kidney_Tbc1d4","Colon_Tcf19",-0.34972369026378,0.265131667747912,12,"Tbc1d4","Tcf19","All_Groups","Metabolic-immune axis (n=12)","p>0.05",FALSE
"Kidney_vs_Colon","Kidney","Colon","Kidney_Mafa","Colon_Tcf19",-0.751118588086139,0.00486447960591714,12,"Mafa","Tcf19","All_Groups","Metabolic-immune axis (n=12)","p<0.01",TRUE
"Kidney_vs_Colon","Kidney","Colon","Kidney_Ins1","Colon_Tcf19",NA,NA,NA,"Ins1","Tcf19","All_Groups","Metabolic-immune axis (n=12)","p>0.05",NA
"Kidney_vs_Colon","Kidney","Colon","Kidney_Ins2","Colon_Tcf19",-0.15239900012752,0.636329592920789,12,"Ins2","Tcf19","All_Groups","Metabolic-immune axis (n=12)","p>0.05",FALSE
"Kidney_vs_Colon","Kidney","Colon","Kidney_Srr","Colon_Tcf19",0.216112997164746,0.499917314462446,12,"Srr","Tcf19","All_Groups","Metabolic-immune axis (n=12)","p>0.05",FALSE
"Kidney_vs_Colon","Kidney","Colon","Kidney_Glp1r","Colon_Tcf19",0.121482932538657,0.706843320056472,12,"Glp1r","Tcf19","All_Groups","Metabolic-immune axis (n=12)","p>0.05",FALSE
"Kidney_vs_Colon","Kidney","Colon","Kidney_Zfand6","Colon_Tcf19",-0.64687382855166,0.0229975557176357,12,"Zfand6","Tcf19","All_Groups","Metabolic-immune axis (n=12)","p<0.05",TRUE
"Kidney_vs_Colon","Kidney","Colon","Kidney_Ghrhr","Colon_Tcf19",-0.0498146717166581,0.877813913838226,12,"Ghrhr","Tcf19","All_Groups","Metabolic-immune axis (n=12)","p>0.05",FALSE
"Kidney_vs_Colon","Kidney","Colon","Kidney_Insr","Colon_Tcf19",-0.560075574202025,0.0582420359280925,12,"Insr","Tcf19","All_Groups","Metabolic-immune axis (n=12)","p>0.05",FALSE
"Kidney_vs_Colon","Kidney","Colon","Kidney_Glut1","Colon_Tcf19",-0.237041790143366,0.458206669778277,12,"Glut1","Tcf19","All_Groups","Metabolic-immune axis (n=12)","p>0.05",FALSE
"Kidney_vs_Colon","Kidney","Colon","Kidney_Glut4","Colon_Tcf19",0.145923828488661,0.814865515992633,5,"Glut4","Tcf19","All_Groups","Metabolic-immune axis (n=12)","p>0.05",FALSE
"Kidney_vs_Spleen","Kidney","Spleen","Kidney_Tbc1d4","Spleen_Tbc1d4",-0.0583330177138314,0.857095400219837,12,"Tbc1d4","Tbc1d4","All_Groups","Metabolic-immune axis (n=12)","p>0.05",FALSE
"Kidney_vs_Spleen","Kidney","Spleen","Kidney_Mafa","Spleen_Tbc1d4",-0.512654632206988,0.0883306618901707,12,"Mafa","Tbc1d4","All_Groups","Metabolic-immune axis (n=12)","p>0.05",FALSE
"Kidney_vs_Spleen","Kidney","Spleen","Kidney_Ins1","Spleen_Tbc1d4",NA,NA,NA,"Ins1","Tbc1d4","All_Groups","Metabolic-immune axis (n=12)","p>0.05",NA
"Kidney_vs_Spleen","Kidney","Spleen","Kidney_Ins2","Spleen_Tbc1d4",-0.320343832826228,0.310035527560382,12,"Ins2","Tbc1d4","All_Groups","Metabolic-immune axis (n=12)","p>0.05",FALSE
"Kidney_vs_Spleen","Kidney","Spleen","Kidney_Srr","Spleen_Tbc1d4",-0.158630995465994,0.622423891182513,12,"Srr","Tbc1d4","All_Groups","Metabolic-immune axis (n=12)","p>0.05",FALSE
"Kidney_vs_Spleen","Kidney","Spleen","Kidney_Glp1r","Spleen_Tbc1d4",0.178886716751488,0.578021567514972,12,"Glp1r","Tbc1d4","All_Groups","Metabolic-immune axis (n=12)","p>0.05",FALSE
"Kidney_vs_Spleen","Kidney","Spleen","Kidney_Zfand6","Spleen_Tbc1d4",-0.59755038682953,0.0401835891069595,12,"Zfand6","Tbc1d4","All_Groups","Metabolic-immune axis (n=12)","p<0.05",TRUE
"Kidney_vs_Spleen","Kidney","Spleen","Kidney_Ghrhr","Spleen_Tbc1d4",-0.0299327978492247,0.926425184076031,12,"Ghrhr","Tbc1d4","All_Groups","Metabolic-immune axis (n=12)","p>0.05",FALSE
"Kidney_vs_Spleen","Kidney","Spleen","Kidney_Insr","Spleen_Tbc1d4",-0.491591717801385,0.104549385930836,12,"Insr","Tbc1d4","All_Groups","Metabolic-immune axis (n=12)","p>0.05",FALSE
"Kidney_vs_Spleen","Kidney","Spleen","Kidney_Glut1","Spleen_Tbc1d4",0.0603510508662714,0.852198738831596,12,"Glut1","Tbc1d4","All_Groups","Metabolic-immune axis (n=12)","p>0.05",FALSE
"Kidney_vs_Spleen","Kidney","Spleen","Kidney_Glut4","Spleen_Tbc1d4",0.631605533586636,0.253054180140195,5,"Glut4","Tbc1d4","All_Groups","Metabolic-immune axis (n=12)","p>0.05",FALSE
"Kidney_vs_Spleen","Kidney","Spleen","Kidney_Tbc1d4","Spleen_Mafa",-0.35276800767105,0.260707329042812,12,"Tbc1d4","Mafa","All_Groups","Metabolic-immune axis (n=12)","p>0.05",FALSE
"Kidney_vs_Spleen","Kidney","Spleen","Kidney_Mafa","Spleen_Mafa",-0.619777424134676,0.0315869153752705,12,"Mafa","Mafa","All_Groups","Metabolic-immune axis (n=12)","p<0.05",TRUE
"Kidney_vs_Spleen","Kidney","Spleen","Kidney_Ins1","Spleen_Mafa",NA,NA,NA,"Ins1","Mafa","All_Groups","Metabolic-immune axis (n=12)","p>0.05",NA
"Kidney_vs_Spleen","Kidney","Spleen","Kidney_Ins2","Spleen_Mafa",-0.242387170336503,0.447824933966229,12,"Ins2","Mafa","All_Groups","Metabolic-immune axis (n=12)","p>0.05",FALSE
"Kidney_vs_Spleen","Kidney","Spleen","Kidney_Srr","Spleen_Mafa",-0.204268296742926,0.524245715576998,12,"Srr","Mafa","All_Groups","Metabolic-immune axis (n=12)","p>0.05",FALSE
"Kidney_vs_Spleen","Kidney","Spleen","Kidney_Glp1r","Spleen_Mafa",0.591851203479545,0.0426312411152064,12,"Glp1r","Mafa","All_Groups","Metabolic-immune axis (n=12)","p<0.05",TRUE
"Kidney_vs_Spleen","Kidney","Spleen","Kidney_Zfand6","Spleen_Mafa",-0.549611543499057,0.0641526859250321,12,"Zfand6","Mafa","All_Groups","Metabolic-immune axis (n=12)","p>0.05",FALSE
"Kidney_vs_Spleen","Kidney","Spleen","Kidney_Ghrhr","Spleen_Mafa",0.410343910214344,0.185193010194131,12,"Ghrhr","Mafa","All_Groups","Metabolic-immune axis (n=12)","p>0.05",FALSE
"Kidney_vs_Spleen","Kidney","Spleen","Kidney_Insr","Spleen_Mafa",-0.39758025605389,0.200595732040896,12,"Insr","Mafa","All_Groups","Metabolic-immune axis (n=12)","p>0.05",FALSE
"Kidney_vs_Spleen","Kidney","Spleen","Kidney_Glut1","Spleen_Mafa",-0.258758833061818,0.416741989888337,12,"Glut1","Mafa","All_Groups","Metabolic-immune axis (n=12)","p>0.05",FALSE
"Kidney_vs_Spleen","Kidney","Spleen","Kidney_Glut4","Spleen_Mafa",0.562331633181728,0.32378154861014,5,"Glut4","Mafa","All_Groups","Metabolic-immune axis (n=12)","p>0.05",FALSE
"Kidney_vs_Spleen","Kidney","Spleen","Kidney_Tbc1d4","Spleen_Ins1",NA,NA,NA,"Tbc1d4","Ins1","All_Groups","Metabolic-immune axis (n=12)","p>0.05",NA
"Kidney_vs_Spleen","Kidney","Spleen","Kidney_Mafa","Spleen_Ins1",NA,NA,NA,"Mafa","Ins1","All_Groups","Metabolic-immune axis (n=12)","p>0.05",NA
"Kidney_vs_Spleen","Kidney","Spleen","Kidney_Ins1","Spleen_Ins1",NA,NA,NA,"Ins1","Ins1","All_Groups","Metabolic-immune axis (n=12)","p>0.05",NA
"Kidney_vs_Spleen","Kidney","Spleen","Kidney_Ins2","Spleen_Ins1",NA,NA,NA,"Ins2","Ins1","All_Groups","Metabolic-immune axis (n=12)","p>0.05",NA
"Kidney_vs_Spleen","Kidney","Spleen","Kidney_Srr","Spleen_Ins1",NA,NA,NA,"Srr","Ins1","All_Groups","Metabolic-immune axis (n=12)","p>0.05",NA
"Kidney_vs_Spleen","Kidney","Spleen","Kidney_Glp1r","Spleen_Ins1",NA,NA,NA,"Glp1r","Ins1","All_Groups","Metabolic-immune axis (n=12)","p>0.05",NA
"Kidney_vs_Spleen","Kidney","Spleen","Kidney_Zfand6","Spleen_Ins1",NA,NA,NA,"Zfand6","Ins1","All_Groups","Metabolic-immune axis (n=12)","p>0.05",NA
"Kidney_vs_Spleen","Kidney","Spleen","Kidney_Ghrhr","Spleen_Ins1",NA,NA,NA,"Ghrhr","Ins1","All_Groups","Metabolic-immune axis (n=12)","p>0.05",NA
"Kidney_vs_Spleen","Kidney","Spleen","Kidney_Insr","Spleen_Ins1",NA,NA,NA,"Insr","Ins1","All_Groups","Metabolic-immune axis (n=12)","p>0.05",NA
"Kidney_vs_Spleen","Kidney","Spleen","Kidney_Glut1","Spleen_Ins1",NA,NA,NA,"Glut1","Ins1","All_Groups","Metabolic-immune axis (n=12)","p>0.05",NA
"Kidney_vs_Spleen","Kidney","Spleen","Kidney_Glut4","Spleen_Ins1",NA,NA,NA,"Glut4","Ins1","All_Groups","Metabolic-immune axis (n=12)","p>0.05",NA
"Kidney_vs_Spleen","Kidney","Spleen","Kidney_Tbc1d4","Spleen_Ins2",-0.682933628220685,0.134859113124526,6,"Tbc1d4","Ins2","All_Groups","Metabolic-immune axis (n=12)","p>0.05",FALSE
"Kidney_vs_Spleen","Kidney","Spleen","Kidney_Mafa","Spleen_Ins2",-0.527164822176843,0.282503043559503,6,"Mafa","Ins2","All_Groups","Metabolic-immune axis (n=12)","p>0.05",FALSE
"Kidney_vs_Spleen","Kidney","Spleen","Kidney_Ins1","Spleen_Ins2",NA,NA,NA,"Ins1","Ins2","All_Groups","Metabolic-immune axis (n=12)","p>0.05",NA
"Kidney_vs_Spleen","Kidney","Spleen","Kidney_Ins2","Spleen_Ins2",-0.564844563571241,0.242839808826315,6,"Ins2","Ins2","All_Groups","Metabolic-immune axis (n=12)","p>0.05",FALSE
"Kidney_vs_Spleen","Kidney","Spleen","Kidney_Srr","Spleen_Ins2",0.00322590285074989,0.995161162508972,6,"Srr","Ins2","All_Groups","Metabolic-immune axis (n=12)","p>0.05",FALSE
"Kidney_vs_Spleen","Kidney","Spleen","Kidney_Glp1r","Spleen_Ins2",0.340054677602862,0.509579466216841,6,"Glp1r","Ins2","All_Groups","Metabolic-immune axis (n=12)","p>0.05",FALSE
"Kidney_vs_Spleen","Kidney","Spleen","Kidney_Zfand6","Spleen_Ins2",-0.550823478166981,0.257326495692943,6,"Zfand6","Ins2","All_Groups","Metabolic-immune axis (n=12)","p>0.05",FALSE
"Kidney_vs_Spleen","Kidney","Spleen","Kidney_Ghrhr","Spleen_Ins2",-0.211282352002312,0.687792318630249,6,"Ghrhr","Ins2","All_Groups","Metabolic-immune axis (n=12)","p>0.05",FALSE
"Kidney_vs_Spleen","Kidney","Spleen","Kidney_Insr","Spleen_Ins2",-0.494746652736629,0.318430641424356,6,"Insr","Ins2","All_Groups","Metabolic-immune axis (n=12)","p>0.05",FALSE
"Kidney_vs_Spleen","Kidney","Spleen","Kidney_Glut1","Spleen_Ins2",-0.757738117521476,0.0809269553204455,6,"Glut1","Ins2","All_Groups","Metabolic-immune axis (n=12)","p>0.05",FALSE
"Kidney_vs_Spleen","Kidney","Spleen","Kidney_Glut4","Spleen_Ins2",0.966200294545156,0.165990212985849,3,"Glut4","Ins2","All_Groups","Metabolic-immune axis (n=12)","p>0.05",FALSE
"Kidney_vs_Spleen","Kidney","Spleen","Kidney_Tbc1d4","Spleen_Srr",-0.208368548826136,0.515766760811566,12,"Tbc1d4","Srr","All_Groups","Metabolic-immune axis (n=12)","p>0.05",FALSE
"Kidney_vs_Spleen","Kidney","Spleen","Kidney_Mafa","Spleen_Srr",-0.609183529500039,0.0355002035438402,12,"Mafa","Srr","All_Groups","Metabolic-immune axis (n=12)","p<0.05",TRUE
"Kidney_vs_Spleen","Kidney","Spleen","Kidney_Ins1","Spleen_Srr",NA,NA,NA,"Ins1","Srr","All_Groups","Metabolic-immune axis (n=12)","p>0.05",NA
"Kidney_vs_Spleen","Kidney","Spleen","Kidney_Ins2","Spleen_Srr",-0.239753285827264,0.45292632284121,12,"Ins2","Srr","All_Groups","Metabolic-immune axis (n=12)","p>0.05",FALSE
"Kidney_vs_Spleen","Kidney","Spleen","Kidney_Srr","Spleen_Srr",-0.390209451602897,0.209836931977764,12,"Srr","Srr","All_Groups","Metabolic-immune axis (n=12)","p>0.05",FALSE
"Kidney_vs_Spleen","Kidney","Spleen","Kidney_Glp1r","Spleen_Srr",0.723356818251171,0.00784118331013387,12,"Glp1r","Srr","All_Groups","Metabolic-immune axis (n=12)","p<0.01",TRUE
"Kidney_vs_Spleen","Kidney","Spleen","Kidney_Zfand6","Spleen_Srr",-0.455314518229449,0.136909332433554,12,"Zfand6","Srr","All_Groups","Metabolic-immune axis (n=12)","p>0.05",FALSE
"Kidney_vs_Spleen","Kidney","Spleen","Kidney_Ghrhr","Spleen_Srr",0.456075763500009,0.136170959400327,12,"Ghrhr","Srr","All_Groups","Metabolic-immune axis (n=12)","p>0.05",FALSE
"Kidney_vs_Spleen","Kidney","Spleen","Kidney_Insr","Spleen_Srr",-0.273525590475948,0.389655989973365,12,"Insr","Srr","All_Groups","Metabolic-immune axis (n=12)","p>0.05",FALSE
"Kidney_vs_Spleen","Kidney","Spleen","Kidney_Glut1","Spleen_Srr",-0.131999767266053,0.682586187030767,12,"Glut1","Srr","All_Groups","Metabolic-immune axis (n=12)","p>0.05",FALSE
"Kidney_vs_Spleen","Kidney","Spleen","Kidney_Glut4","Spleen_Srr",0.712646973253321,0.176721831408881,5,"Glut4","Srr","All_Groups","Metabolic-immune axis (n=12)","p>0.05",FALSE
"Kidney_vs_Spleen","Kidney","Spleen","Kidney_Tbc1d4","Spleen_Glp1r",-0.182129935095014,0.571030718607158,12,"Tbc1d4","Glp1r","All_Groups","Metabolic-immune axis (n=12)","p>0.05",FALSE
"Kidney_vs_Spleen","Kidney","Spleen","Kidney_Mafa","Spleen_Glp1r",0.0236988509975588,0.941722260624429,12,"Mafa","Glp1r","All_Groups","Metabolic-immune axis (n=12)","p>0.05",FALSE
"Kidney_vs_Spleen","Kidney","Spleen","Kidney_Ins1","Spleen_Glp1r",NA,NA,NA,"Ins1","Glp1r","All_Groups","Metabolic-immune axis (n=12)","p>0.05",NA
"Kidney_vs_Spleen","Kidney","Spleen","Kidney_Ins2","Spleen_Glp1r",-0.0504795832013108,0.876194005980245,12,"Ins2","Glp1r","All_Groups","Metabolic-immune axis (n=12)","p>0.05",FALSE
"Kidney_vs_Spleen","Kidney","Spleen","Kidney_Srr","Spleen_Glp1r",-0.684082695424773,0.014147348966326,12,"Srr","Glp1r","All_Groups","Metabolic-immune axis (n=12)","p<0.05",TRUE
"Kidney_vs_Spleen","Kidney","Spleen","Kidney_Glp1r","Spleen_Glp1r",0.525519428141786,0.0793120469361434,12,"Glp1r","Glp1r","All_Groups","Metabolic-immune axis (n=12)","p>0.05",FALSE
"Kidney_vs_Spleen","Kidney","Spleen","Kidney_Zfand6","Spleen_Glp1r",-0.166436892922163,0.605165223610616,12,"Zfand6","Glp1r","All_Groups","Metabolic-immune axis (n=12)","p>0.05",FALSE
"Kidney_vs_Spleen","Kidney","Spleen","Kidney_Ghrhr","Spleen_Glp1r",0.308830452166491,0.328710617188815,12,"Ghrhr","Glp1r","All_Groups","Metabolic-immune axis (n=12)","p>0.05",FALSE
"Kidney_vs_Spleen","Kidney","Spleen","Kidney_Insr","Spleen_Glp1r",-0.157428657016513,0.625098085414428,12,"Insr","Glp1r","All_Groups","Metabolic-immune axis (n=12)","p>0.05",FALSE
"Kidney_vs_Spleen","Kidney","Spleen","Kidney_Glut1","Spleen_Glp1r",-0.291891022472342,0.357268957360759,12,"Glut1","Glp1r","All_Groups","Metabolic-immune axis (n=12)","p>0.05",FALSE
"Kidney_vs_Spleen","Kidney","Spleen","Kidney_Glut4","Spleen_Glp1r",0.662460122597614,0.223104155807085,5,"Glut4","Glp1r","All_Groups","Metabolic-immune axis (n=12)","p>0.05",FALSE
"Kidney_vs_Spleen","Kidney","Spleen","Kidney_Tbc1d4","Spleen_Zfand6",0.326312732680795,0.300591100250623,12,"Tbc1d4","Zfand6","All_Groups","Metabolic-immune axis (n=12)","p>0.05",FALSE
"Kidney_vs_Spleen","Kidney","Spleen","Kidney_Mafa","Spleen_Zfand6",-0.451869364976069,0.140283360868075,12,"Mafa","Zfand6","All_Groups","Metabolic-immune axis (n=12)","p>0.05",FALSE
"Kidney_vs_Spleen","Kidney","Spleen","Kidney_Ins1","Spleen_Zfand6",NA,NA,NA,"Ins1","Zfand6","All_Groups","Metabolic-immune axis (n=12)","p>0.05",NA
"Kidney_vs_Spleen","Kidney","Spleen","Kidney_Ins2","Spleen_Zfand6",-0.386661006142159,0.214376465206476,12,"Ins2","Zfand6","All_Groups","Metabolic-immune axis (n=12)","p>0.05",FALSE
"Kidney_vs_Spleen","Kidney","Spleen","Kidney_Srr","Spleen_Zfand6",-0.405686106852455,0.190725930349356,12,"Srr","Zfand6","All_Groups","Metabolic-immune axis (n=12)","p>0.05",FALSE
"Kidney_vs_Spleen","Kidney","Spleen","Kidney_Glp1r","Spleen_Zfand6",0.236087100819174,0.460072701871682,12,"Glp1r","Zfand6","All_Groups","Metabolic-immune axis (n=12)","p>0.05",FALSE
"Kidney_vs_Spleen","Kidney","Spleen","Kidney_Zfand6","Spleen_Zfand6",-0.273039045314781,0.390533769534879,12,"Zfand6","Zfand6","All_Groups","Metabolic-immune axis (n=12)","p>0.05",FALSE
"Kidney_vs_Spleen","Kidney","Spleen","Kidney_Ghrhr","Spleen_Zfand6",0.0751099821894428,0.816542363824172,12,"Ghrhr","Zfand6","All_Groups","Metabolic-immune axis (n=12)","p>0.05",FALSE
"Kidney_vs_Spleen","Kidney","Spleen","Kidney_Insr","Spleen_Zfand6",0.0414995181919962,0.898106430097036,12,"Insr","Zfand6","All_Groups","Metabolic-immune axis (n=12)","p>0.05",FALSE
"Kidney_vs_Spleen","Kidney","Spleen","Kidney_Glut1","Spleen_Zfand6",0.353116033714884,0.260204289810689,12,"Glut1","Zfand6","All_Groups","Metabolic-immune axis (n=12)","p>0.05",FALSE
"Kidney_vs_Spleen","Kidney","Spleen","Kidney_Glut4","Spleen_Zfand6",-0.12088651440087,0.846458215649617,5,"Glut4","Zfand6","All_Groups","Metabolic-immune axis (n=12)","p>0.05",FALSE
"Kidney_vs_Spleen","Kidney","Spleen","Kidney_Tbc1d4","Spleen_Ghrhr",-0.288037696564512,0.363942657866121,12,"Tbc1d4","Ghrhr","All_Groups","Metabolic-immune axis (n=12)","p>0.05",FALSE
"Kidney_vs_Spleen","Kidney","Spleen","Kidney_Mafa","Spleen_Ghrhr",-0.800595776759445,0.00175734408629682,12,"Mafa","Ghrhr","All_Groups","Metabolic-immune axis (n=12)","p<0.01",TRUE
"Kidney_vs_Spleen","Kidney","Spleen","Kidney_Ins1","Spleen_Ghrhr",NA,NA,NA,"Ins1","Ghrhr","All_Groups","Metabolic-immune axis (n=12)","p>0.05",NA
"Kidney_vs_Spleen","Kidney","Spleen","Kidney_Ins2","Spleen_Ghrhr",-0.409354658795276,0.186359684966682,12,"Ins2","Ghrhr","All_Groups","Metabolic-immune axis (n=12)","p>0.05",FALSE
"Kidney_vs_Spleen","Kidney","Spleen","Kidney_Srr","Spleen_Ghrhr",-0.299114744563293,0.34493425984759,12,"Srr","Ghrhr","All_Groups","Metabolic-immune axis (n=12)","p>0.05",FALSE
"Kidney_vs_Spleen","Kidney","Spleen","Kidney_Glp1r","Spleen_Ghrhr",0.561809224515951,0.0573008038733218,12,"Glp1r","Ghrhr","All_Groups","Metabolic-immune axis (n=12)","p>0.05",FALSE
"Kidney_vs_Spleen","Kidney","Spleen","Kidney_Zfand6","Spleen_Ghrhr",-0.585129608340866,0.0456515612517896,12,"Zfand6","Ghrhr","All_Groups","Metabolic-immune axis (n=12)","p<0.05",TRUE
"Kidney_vs_Spleen","Kidney","Spleen","Kidney_Ghrhr","Spleen_Ghrhr",0.22860877549262,0.474812460259928,12,"Ghrhr","Ghrhr","All_Groups","Metabolic-immune axis (n=12)","p>0.05",FALSE
"Kidney_vs_Spleen","Kidney","Spleen","Kidney_Insr","Spleen_Ghrhr",-0.47174607226918,0.121541987109601,12,"Insr","Ghrhr","All_Groups","Metabolic-immune axis (n=12)","p>0.05",FALSE
"Kidney_vs_Spleen","Kidney","Spleen","Kidney_Glut1","Spleen_Ghrhr",0.0179037672942657,0.955958773208321,12,"Glut1","Ghrhr","All_Groups","Metabolic-immune axis (n=12)","p>0.05",FALSE
"Kidney_vs_Spleen","Kidney","Spleen","Kidney_Glut4","Spleen_Ghrhr",0.87319012417886,0.0531649222455794,5,"Glut4","Ghrhr","All_Groups","Metabolic-immune axis (n=12)","p>0.05",FALSE
"Kidney_vs_Spleen","Kidney","Spleen","Kidney_Tbc1d4","Spleen_Insr",-0.0189788958459341,0.953316547415114,12,"Tbc1d4","Insr","All_Groups","Metabolic-immune axis (n=12)","p>0.05",FALSE
"Kidney_vs_Spleen","Kidney","Spleen","Kidney_Mafa","Spleen_Insr",-0.61694027606597,0.0326029483403588,12,"Mafa","Insr","All_Groups","Metabolic-immune axis (n=12)","p<0.05",TRUE
"Kidney_vs_Spleen","Kidney","Spleen","Kidney_Ins1","Spleen_Insr",NA,NA,NA,"Ins1","Insr","All_Groups","Metabolic-immune axis (n=12)","p>0.05",NA
"Kidney_vs_Spleen","Kidney","Spleen","Kidney_Ins2","Spleen_Insr",-0.200705944895411,0.531660670703819,12,"Ins2","Insr","All_Groups","Metabolic-immune axis (n=12)","p>0.05",FALSE
"Kidney_vs_Spleen","Kidney","Spleen","Kidney_Srr","Spleen_Insr",-0.22590612391993,0.480192331840442,12,"Srr","Insr","All_Groups","Metabolic-immune axis (n=12)","p>0.05",FALSE
"Kidney_vs_Spleen","Kidney","Spleen","Kidney_Glp1r","Spleen_Insr",0.527389490261681,0.0780556121804087,12,"Glp1r","Insr","All_Groups","Metabolic-immune axis (n=12)","p>0.05",FALSE
"Kidney_vs_Spleen","Kidney","Spleen","Kidney_Zfand6","Spleen_Insr",-0.398996705416481,0.198848936375932,12,"Zfand6","Insr","All_Groups","Metabolic-immune axis (n=12)","p>0.05",FALSE
"Kidney_vs_Spleen","Kidney","Spleen","Kidney_Ghrhr","Spleen_Insr",0.264320588495662,0.406432858607304,12,"Ghrhr","Insr","All_Groups","Metabolic-immune axis (n=12)","p>0.05",FALSE
"Kidney_vs_Spleen","Kidney","Spleen","Kidney_Insr","Spleen_Insr",-0.304928110022116,0.335176121838387,12,"Insr","Insr","All_Groups","Metabolic-immune axis (n=12)","p>0.05",FALSE
"Kidney_vs_Spleen","Kidney","Spleen","Kidney_Glut1","Spleen_Insr",-0.000773357992189804,0.998096815833778,12,"Glut1","Insr","All_Groups","Metabolic-immune axis (n=12)","p>0.05",FALSE
"Kidney_vs_Spleen","Kidney","Spleen","Kidney_Glut4","Spleen_Insr",0.643468228606683,0.241417912226548,5,"Glut4","Insr","All_Groups","Metabolic-immune axis (n=12)","p>0.05",FALSE
"Kidney_vs_Spleen","Kidney","Spleen","Kidney_Tbc1d4","Spleen_Glut1",-0.224070165439323,0.483862821598554,12,"Tbc1d4","Glut1","All_Groups","Metabolic-immune axis (n=12)","p>0.05",FALSE
"Kidney_vs_Spleen","Kidney","Spleen","Kidney_Mafa","Spleen_Glut1",-0.343655632714488,0.274079079226316,12,"Mafa","Glut1","All_Groups","Metabolic-immune axis (n=12)","p>0.05",FALSE
"Kidney_vs_Spleen","Kidney","Spleen","Kidney_Ins1","Spleen_Glut1",NA,NA,NA,"Ins1","Glut1","All_Groups","Metabolic-immune axis (n=12)","p>0.05",NA
"Kidney_vs_Spleen","Kidney","Spleen","Kidney_Ins2","Spleen_Glut1",-0.0956836061799176,0.76737947495099,12,"Ins2","Glut1","All_Groups","Metabolic-immune axis (n=12)","p>0.05",FALSE
"Kidney_vs_Spleen","Kidney","Spleen","Kidney_Srr","Spleen_Glut1",-0.414960477731027,0.179808539315123,12,"Srr","Glut1","All_Groups","Metabolic-immune axis (n=12)","p>0.05",FALSE
"Kidney_vs_Spleen","Kidney","Spleen","Kidney_Glp1r","Spleen_Glut1",0.711485631848348,0.00946256607682521,12,"Glp1r","Glut1","All_Groups","Metabolic-immune axis (n=12)","p<0.01",TRUE
"Kidney_vs_Spleen","Kidney","Spleen","Kidney_Zfand6","Spleen_Glut1",-0.343521479777849,0.274278821747617,12,"Zfand6","Glut1","All_Groups","Metabolic-immune axis (n=12)","p>0.05",FALSE
"Kidney_vs_Spleen","Kidney","Spleen","Kidney_Ghrhr","Spleen_Glut1",0.395996559537582,0.202559878199941,12,"Ghrhr","Glut1","All_Groups","Metabolic-immune axis (n=12)","p>0.05",FALSE
"Kidney_vs_Spleen","Kidney","Spleen","Kidney_Insr","Spleen_Glut1",-0.292031633049528,0.357026662308273,12,"Insr","Glut1","All_Groups","Metabolic-immune axis (n=12)","p>0.05",FALSE
"Kidney_vs_Spleen","Kidney","Spleen","Kidney_Glut1","Spleen_Glut1",-0.317395667049393,0.314760293923377,12,"Glut1","Glut1","All_Groups","Metabolic-immune axis (n=12)","p>0.05",FALSE
"Kidney_vs_Spleen","Kidney","Spleen","Kidney_Glut4","Spleen_Glut1",0.747404273181403,0.146484503907918,5,"Glut4","Glut1","All_Groups","Metabolic-immune axis (n=12)","p>0.05",FALSE
"Kidney_vs_Spleen","Kidney","Spleen","Kidney_Tbc1d4","Spleen_Tcf19",0.518403039891878,0.0842193130532369,12,"Tbc1d4","Tcf19","All_Groups","Metabolic-immune axis (n=12)","p>0.05",FALSE
"Kidney_vs_Spleen","Kidney","Spleen","Kidney_Mafa","Spleen_Tcf19",-0.207945612757384,0.516638577248861,12,"Mafa","Tcf19","All_Groups","Metabolic-immune axis (n=12)","p>0.05",FALSE
"Kidney_vs_Spleen","Kidney","Spleen","Kidney_Ins1","Spleen_Tcf19",NA,NA,NA,"Ins1","Tcf19","All_Groups","Metabolic-immune axis (n=12)","p>0.05",NA
"Kidney_vs_Spleen","Kidney","Spleen","Kidney_Ins2","Spleen_Tcf19",-0.416820646387342,0.177666888304514,12,"Ins2","Tcf19","All_Groups","Metabolic-immune axis (n=12)","p>0.05",FALSE
"Kidney_vs_Spleen","Kidney","Spleen","Kidney_Srr","Spleen_Tcf19",-0.0627505007327156,0.84638282914855,12,"Srr","Tcf19","All_Groups","Metabolic-immune axis (n=12)","p>0.05",FALSE
"Kidney_vs_Spleen","Kidney","Spleen","Kidney_Glp1r","Spleen_Tcf19",-0.36014633018654,0.250163672679978,12,"Glp1r","Tcf19","All_Groups","Metabolic-immune axis (n=12)","p>0.05",FALSE
"Kidney_vs_Spleen","Kidney","Spleen","Kidney_Zfand6","Spleen_Tcf19",-0.0648919649841384,0.841198166213526,12,"Zfand6","Tcf19","All_Groups","Metabolic-immune axis (n=12)","p>0.05",FALSE
"Kidney_vs_Spleen","Kidney","Spleen","Kidney_Ghrhr","Spleen_Tcf19",-0.20774762370943,0.5170469210999,12,"Ghrhr","Tcf19","All_Groups","Metabolic-immune axis (n=12)","p>0.05",FALSE
"Kidney_vs_Spleen","Kidney","Spleen","Kidney_Insr","Spleen_Tcf19",0.269965493649771,0.396102057692687,12,"Insr","Tcf19","All_Groups","Metabolic-immune axis (n=12)","p>0.05",FALSE
"Kidney_vs_Spleen","Kidney","Spleen","Kidney_Glut1","Spleen_Tcf19",0.698793986828954,0.0114594452631961,12,"Glut1","Tcf19","All_Groups","Metabolic-immune axis (n=12)","p<0.05",TRUE
"Kidney_vs_Spleen","Kidney","Spleen","Kidney_Glut4","Spleen_Tcf19",-0.471943736609437,0.422220879776458,5,"Glut4","Tcf19","All_Groups","Metabolic-immune axis (n=12)","p>0.05",FALSE
"Liver_vs_Colon","Liver","Colon","Liver_Tbc1d4","Colon_Tbc1d4",-0.195034912583813,0.565502186723632,11,"Tbc1d4","Tbc1d4","All_Groups","Metabolic-immune axis (n=12)","p>0.05",FALSE
"Liver_vs_Colon","Liver","Colon","Liver_Mafa","Colon_Tbc1d4",-0.250944359810292,0.456691082445327,11,"Mafa","Tbc1d4","All_Groups","Metabolic-immune axis (n=12)","p>0.05",FALSE
"Liver_vs_Colon","Liver","Colon","Liver_Ins1","Colon_Tbc1d4",-0.0920551740903878,0.941312768690284,3,"Ins1","Tbc1d4","All_Groups","Metabolic-immune axis (n=12)","p>0.05",FALSE
"Liver_vs_Colon","Liver","Colon","Liver_Ins2","Colon_Tbc1d4",-0.191854500152005,0.595427817233034,10,"Ins2","Tbc1d4","All_Groups","Metabolic-immune axis (n=12)","p>0.05",FALSE
"Liver_vs_Colon","Liver","Colon","Liver_Srr","Colon_Tbc1d4",-0.235124601145635,0.486452680168061,11,"Srr","Tbc1d4","All_Groups","Metabolic-immune axis (n=12)","p>0.05",FALSE
"Liver_vs_Colon","Liver","Colon","Liver_Glp1r","Colon_Tbc1d4",-0.0904465864767795,0.791418873028264,11,"Glp1r","Tbc1d4","All_Groups","Metabolic-immune axis (n=12)","p>0.05",FALSE
"Liver_vs_Colon","Liver","Colon","Liver_Zfand6","Colon_Tbc1d4",-0.190230176870717,0.575301863116499,11,"Zfand6","Tbc1d4","All_Groups","Metabolic-immune axis (n=12)","p>0.05",FALSE
"Liver_vs_Colon","Liver","Colon","Liver_Ghrhr","Colon_Tbc1d4",-0.268258923897918,0.42511538643231,11,"Ghrhr","Tbc1d4","All_Groups","Metabolic-immune axis (n=12)","p>0.05",FALSE
"Liver_vs_Colon","Liver","Colon","Liver_Insr","Colon_Tbc1d4",0.0689580908892743,0.840338635548752,11,"Insr","Tbc1d4","All_Groups","Metabolic-immune axis (n=12)","p>0.05",FALSE
"Liver_vs_Colon","Liver","Colon","Liver_Glut1","Colon_Tbc1d4",-0.223718802602118,0.508428594509424,11,"Glut1","Tbc1d4","All_Groups","Metabolic-immune axis (n=12)","p>0.05",FALSE
"Liver_vs_Colon","Liver","Colon","Liver_Tcf19","Colon_Tbc1d4",-0.244682266899797,0.468369967791878,11,"Tcf19","Tbc1d4","All_Groups","Metabolic-immune axis (n=12)","p>0.05",FALSE
"Liver_vs_Colon","Liver","Colon","Liver_Tbc1d4","Colon_Mafa",-0.40928854120898,0.186437822980384,12,"Tbc1d4","Mafa","All_Groups","Metabolic-immune axis (n=12)","p>0.05",FALSE
"Liver_vs_Colon","Liver","Colon","Liver_Mafa","Colon_Mafa",-0.44806487729203,0.144071146236757,12,"Mafa","Mafa","All_Groups","Metabolic-immune axis (n=12)","p>0.05",FALSE
"Liver_vs_Colon","Liver","Colon","Liver_Ins1","Colon_Mafa",-0.797416910774269,0.412398459176642,3,"Ins1","Mafa","All_Groups","Metabolic-immune axis (n=12)","p>0.05",FALSE
"Liver_vs_Colon","Liver","Colon","Liver_Ins2","Colon_Mafa",-0.363209572677657,0.272242774203457,11,"Ins2","Mafa","All_Groups","Metabolic-immune axis (n=12)","p>0.05",FALSE
"Liver_vs_Colon","Liver","Colon","Liver_Srr","Colon_Mafa",-0.478159682620653,0.115865043007268,12,"Srr","Mafa","All_Groups","Metabolic-immune axis (n=12)","p>0.05",FALSE
"Liver_vs_Colon","Liver","Colon","Liver_Glp1r","Colon_Mafa",-0.256566367519141,0.420841150016413,12,"Glp1r","Mafa","All_Groups","Metabolic-immune axis (n=12)","p>0.05",FALSE
"Liver_vs_Colon","Liver","Colon","Liver_Zfand6","Colon_Mafa",-0.397825153016741,0.200293049856982,12,"Zfand6","Mafa","All_Groups","Metabolic-immune axis (n=12)","p>0.05",FALSE
"Liver_vs_Colon","Liver","Colon","Liver_Ghrhr","Colon_Mafa",-0.431895980986975,0.160899467633305,12,"Ghrhr","Mafa","All_Groups","Metabolic-immune axis (n=12)","p>0.05",FALSE
"Liver_vs_Colon","Liver","Colon","Liver_Insr","Colon_Mafa",-0.114021406846707,0.724207937565597,12,"Insr","Mafa","All_Groups","Metabolic-immune axis (n=12)","p>0.05",FALSE
"Liver_vs_Colon","Liver","Colon","Liver_Glut1","Colon_Mafa",-0.413219586511622,0.181827389709693,12,"Glut1","Mafa","All_Groups","Metabolic-immune axis (n=12)","p>0.05",FALSE
"Liver_vs_Colon","Liver","Colon","Liver_Tcf19","Colon_Mafa",-0.476049559190714,0.11771309135067,12,"Tcf19","Mafa","All_Groups","Metabolic-immune axis (n=12)","p>0.05",FALSE
"Liver_vs_Colon","Liver","Colon","Liver_Tbc1d4","Colon_Ins1",NA,NA,NA,"Tbc1d4","Ins1","All_Groups","Metabolic-immune axis (n=12)","p>0.05",NA
"Liver_vs_Colon","Liver","Colon","Liver_Mafa","Colon_Ins1",NA,NA,NA,"Mafa","Ins1","All_Groups","Metabolic-immune axis (n=12)","p>0.05",NA
"Liver_vs_Colon","Liver","Colon","Liver_Ins1","Colon_Ins1",NA,NA,NA,"Ins1","Ins1","All_Groups","Metabolic-immune axis (n=12)","p>0.05",NA
"Liver_vs_Colon","Liver","Colon","Liver_Ins2","Colon_Ins1",NA,NA,NA,"Ins2","Ins1","All_Groups","Metabolic-immune axis (n=12)","p>0.05",NA
"Liver_vs_Colon","Liver","Colon","Liver_Srr","Colon_Ins1",NA,NA,NA,"Srr","Ins1","All_Groups","Metabolic-immune axis (n=12)","p>0.05",NA
"Liver_vs_Colon","Liver","Colon","Liver_Glp1r","Colon_Ins1",NA,NA,NA,"Glp1r","Ins1","All_Groups","Metabolic-immune axis (n=12)","p>0.05",NA
"Liver_vs_Colon","Liver","Colon","Liver_Zfand6","Colon_Ins1",NA,NA,NA,"Zfand6","Ins1","All_Groups","Metabolic-immune axis (n=12)","p>0.05",NA
"Liver_vs_Colon","Liver","Colon","Liver_Ghrhr","Colon_Ins1",NA,NA,NA,"Ghrhr","Ins1","All_Groups","Metabolic-immune axis (n=12)","p>0.05",NA
"Liver_vs_Colon","Liver","Colon","Liver_Insr","Colon_Ins1",NA,NA,NA,"Insr","Ins1","All_Groups","Metabolic-immune axis (n=12)","p>0.05",NA
"Liver_vs_Colon","Liver","Colon","Liver_Glut1","Colon_Ins1",NA,NA,NA,"Glut1","Ins1","All_Groups","Metabolic-immune axis (n=12)","p>0.05",NA
"Liver_vs_Colon","Liver","Colon","Liver_Tcf19","Colon_Ins1",NA,NA,NA,"Tcf19","Ins1","All_Groups","Metabolic-immune axis (n=12)","p>0.05",NA
"Liver_vs_Colon","Liver","Colon","Liver_Tbc1d4","Colon_Ins2",-0.449078369998205,0.371665572844486,6,"Tbc1d4","Ins2","All_Groups","Metabolic-immune axis (n=12)","p>0.05",FALSE
"Liver_vs_Colon","Liver","Colon","Liver_Mafa","Colon_Ins2",-0.501684622292931,0.310606930775094,6,"Mafa","Ins2","All_Groups","Metabolic-immune axis (n=12)","p>0.05",FALSE
"Liver_vs_Colon","Liver","Colon","Liver_Ins1","Colon_Ins2",-0.51723447450394,0.653923025917087,3,"Ins1","Ins2","All_Groups","Metabolic-immune axis (n=12)","p>0.05",FALSE
"Liver_vs_Colon","Liver","Colon","Liver_Ins2","Colon_Ins2",-0.486131414170141,0.40636435184315,5,"Ins2","Ins2","All_Groups","Metabolic-immune axis (n=12)","p>0.05",FALSE
"Liver_vs_Colon","Liver","Colon","Liver_Srr","Colon_Ins2",-0.670280751164897,0.145149496275925,6,"Srr","Ins2","All_Groups","Metabolic-immune axis (n=12)","p>0.05",FALSE
"Liver_vs_Colon","Liver","Colon","Liver_Glp1r","Colon_Ins2",-0.582325062090841,0.225246342624261,6,"Glp1r","Ins2","All_Groups","Metabolic-immune axis (n=12)","p>0.05",FALSE
"Liver_vs_Colon","Liver","Colon","Liver_Zfand6","Colon_Ins2",-0.490238100193854,0.323553143169186,6,"Zfand6","Ins2","All_Groups","Metabolic-immune axis (n=12)","p>0.05",FALSE
"Liver_vs_Colon","Liver","Colon","Liver_Ghrhr","Colon_Ins2",-0.702845682624377,0.11933156711947,6,"Ghrhr","Ins2","All_Groups","Metabolic-immune axis (n=12)","p>0.05",FALSE
"Liver_vs_Colon","Liver","Colon","Liver_Insr","Colon_Ins2",-0.316699335551183,0.540833225939716,6,"Insr","Ins2","All_Groups","Metabolic-immune axis (n=12)","p>0.05",FALSE
"Liver_vs_Colon","Liver","Colon","Liver_Glut1","Colon_Ins2",-0.533324611595779,0.275861213244348,6,"Glut1","Ins2","All_Groups","Metabolic-immune axis (n=12)","p>0.05",FALSE
"Liver_vs_Colon","Liver","Colon","Liver_Tcf19","Colon_Ins2",-0.63072453746468,0.17936854345479,6,"Tcf19","Ins2","All_Groups","Metabolic-immune axis (n=12)","p>0.05",FALSE
"Liver_vs_Colon","Liver","Colon","Liver_Tbc1d4","Colon_Srr",-0.160831802589438,0.636632833005904,11,"Tbc1d4","Srr","All_Groups","Metabolic-immune axis (n=12)","p>0.05",FALSE
"Liver_vs_Colon","Liver","Colon","Liver_Mafa","Colon_Srr",-0.204226963041972,0.546940884571713,11,"Mafa","Srr","All_Groups","Metabolic-immune axis (n=12)","p>0.05",FALSE
"Liver_vs_Colon","Liver","Colon","Liver_Ins1","Colon_Srr",-0.709399572268356,0.497932401599403,3,"Ins1","Srr","All_Groups","Metabolic-immune axis (n=12)","p>0.05",FALSE
"Liver_vs_Colon","Liver","Colon","Liver_Ins2","Colon_Srr",-0.243547327161332,0.497732264448583,10,"Ins2","Srr","All_Groups","Metabolic-immune axis (n=12)","p>0.05",FALSE
"Liver_vs_Colon","Liver","Colon","Liver_Srr","Colon_Srr",-0.181914352289893,0.592416173918215,11,"Srr","Srr","All_Groups","Metabolic-immune axis (n=12)","p>0.05",FALSE
"Liver_vs_Colon","Liver","Colon","Liver_Glp1r","Colon_Srr",-0.135915858074377,0.690285467006762,11,"Glp1r","Srr","All_Groups","Metabolic-immune axis (n=12)","p>0.05",FALSE
"Liver_vs_Colon","Liver","Colon","Liver_Zfand6","Colon_Srr",-0.118463036078041,0.728661570266863,11,"Zfand6","Srr","All_Groups","Metabolic-immune axis (n=12)","p>0.05",FALSE
"Liver_vs_Colon","Liver","Colon","Liver_Ghrhr","Colon_Srr",-0.286146745468947,0.39363638324105,11,"Ghrhr","Srr","All_Groups","Metabolic-immune axis (n=12)","p>0.05",FALSE
"Liver_vs_Colon","Liver","Colon","Liver_Insr","Colon_Srr",0.240554481551145,0.476141764880361,11,"Insr","Srr","All_Groups","Metabolic-immune axis (n=12)","p>0.05",FALSE
"Liver_vs_Colon","Liver","Colon","Liver_Glut1","Colon_Srr",-0.174393093804111,0.60805774265454,11,"Glut1","Srr","All_Groups","Metabolic-immune axis (n=12)","p>0.05",FALSE
"Liver_vs_Colon","Liver","Colon","Liver_Tcf19","Colon_Srr",-0.230473121450245,0.495363470642417,11,"Tcf19","Srr","All_Groups","Metabolic-immune axis (n=12)","p>0.05",FALSE
"Liver_vs_Colon","Liver","Colon","Liver_Tbc1d4","Colon_Glp1r",0.0431191704034598,0.894149034183516,12,"Tbc1d4","Glp1r","All_Groups","Metabolic-immune axis (n=12)","p>0.05",FALSE
"Liver_vs_Colon","Liver","Colon","Liver_Mafa","Colon_Glp1r",0.0150326306407236,0.963016779913664,12,"Mafa","Glp1r","All_Groups","Metabolic-immune axis (n=12)","p>0.05",FALSE
"Liver_vs_Colon","Liver","Colon","Liver_Ins1","Colon_Glp1r",-0.0511204606933047,0.967441512578622,3,"Ins1","Glp1r","All_Groups","Metabolic-immune axis (n=12)","p>0.05",FALSE
"Liver_vs_Colon","Liver","Colon","Liver_Ins2","Colon_Glp1r",-0.0449135808907876,0.895677498824638,11,"Ins2","Glp1r","All_Groups","Metabolic-immune axis (n=12)","p>0.05",FALSE
"Liver_vs_Colon","Liver","Colon","Liver_Srr","Colon_Glp1r",-0.0471891248663004,0.884214621015454,12,"Srr","Glp1r","All_Groups","Metabolic-immune axis (n=12)","p>0.05",FALSE
"Liver_vs_Colon","Liver","Colon","Liver_Glp1r","Colon_Glp1r",0.0656872613100819,0.839274150937132,12,"Glp1r","Glp1r","All_Groups","Metabolic-immune axis (n=12)","p>0.05",FALSE
"Liver_vs_Colon","Liver","Colon","Liver_Zfand6","Colon_Glp1r",0.0792537893795811,0.806585597322069,12,"Zfand6","Glp1r","All_Groups","Metabolic-immune axis (n=12)","p>0.05",FALSE
"Liver_vs_Colon","Liver","Colon","Liver_Ghrhr","Colon_Glp1r",-0.0373699007316691,0.908206034810877,12,"Ghrhr","Glp1r","All_Groups","Metabolic-immune axis (n=12)","p>0.05",FALSE
"Liver_vs_Colon","Liver","Colon","Liver_Insr","Colon_Glp1r",0.303932957531893,0.336835846391191,12,"Insr","Glp1r","All_Groups","Metabolic-immune axis (n=12)","p>0.05",FALSE
"Liver_vs_Colon","Liver","Colon","Liver_Glut1","Colon_Glp1r",0.0415456499130065,0.897993683733332,12,"Glut1","Glp1r","All_Groups","Metabolic-immune axis (n=12)","p>0.05",FALSE
"Liver_vs_Colon","Liver","Colon","Liver_Tcf19","Colon_Glp1r",-0.0425244295532805,0.89560194816826,12,"Tcf19","Glp1r","All_Groups","Metabolic-immune axis (n=12)","p>0.05",FALSE
"Liver_vs_Colon","Liver","Colon","Liver_Tbc1d4","Colon_Zfand6",-0.264810945822262,0.405530136077064,12,"Tbc1d4","Zfand6","All_Groups","Metabolic-immune axis (n=12)","p>0.05",FALSE
"Liver_vs_Colon","Liver","Colon","Liver_Mafa","Colon_Zfand6",-0.326126743988444,0.30088292505937,12,"Mafa","Zfand6","All_Groups","Metabolic-immune axis (n=12)","p>0.05",FALSE
"Liver_vs_Colon","Liver","Colon","Liver_Ins1","Colon_Zfand6",-0.228621927657571,0.853156083980333,3,"Ins1","Zfand6","All_Groups","Metabolic-immune axis (n=12)","p>0.05",FALSE
"Liver_vs_Colon","Liver","Colon","Liver_Ins2","Colon_Zfand6",-0.32365895894501,0.331580658875231,11,"Ins2","Zfand6","All_Groups","Metabolic-immune axis (n=12)","p>0.05",FALSE
"Liver_vs_Colon","Liver","Colon","Liver_Srr","Colon_Zfand6",-0.314725213881158,0.319074087941054,12,"Srr","Zfand6","All_Groups","Metabolic-immune axis (n=12)","p>0.05",FALSE
"Liver_vs_Colon","Liver","Colon","Liver_Glp1r","Colon_Zfand6",-0.123473313697857,0.702232484236724,12,"Glp1r","Zfand6","All_Groups","Metabolic-immune axis (n=12)","p>0.05",FALSE
"Liver_vs_Colon","Liver","Colon","Liver_Zfand6","Colon_Zfand6",-0.24859615820107,0.435908749672261,12,"Zfand6","Zfand6","All_Groups","Metabolic-immune axis (n=12)","p>0.05",FALSE
"Liver_vs_Colon","Liver","Colon","Liver_Ghrhr","Colon_Zfand6",-0.306979076244975,0.331769500551032,12,"Ghrhr","Zfand6","All_Groups","Metabolic-immune axis (n=12)","p>0.05",FALSE
"Liver_vs_Colon","Liver","Colon","Liver_Insr","Colon_Zfand6",0.0516977620601969,0.873227321379514,12,"Insr","Zfand6","All_Groups","Metabolic-immune axis (n=12)","p>0.05",FALSE
"Liver_vs_Colon","Liver","Colon","Liver_Glut1","Colon_Zfand6",-0.264945256476216,0.405283052896953,12,"Glut1","Zfand6","All_Groups","Metabolic-immune axis (n=12)","p>0.05",FALSE
"Liver_vs_Colon","Liver","Colon","Liver_Tcf19","Colon_Zfand6",-0.333471766101652,0.28947897487062,12,"Tcf19","Zfand6","All_Groups","Metabolic-immune axis (n=12)","p>0.05",FALSE
"Liver_vs_Colon","Liver","Colon","Liver_Tbc1d4","Colon_Ghrhr",-0.365512482056051,0.242655193322657,12,"Tbc1d4","Ghrhr","All_Groups","Metabolic-immune axis (n=12)","p>0.05",FALSE
"Liver_vs_Colon","Liver","Colon","Liver_Mafa","Colon_Ghrhr",-0.419163268479715,0.174992563862248,12,"Mafa","Ghrhr","All_Groups","Metabolic-immune axis (n=12)","p>0.05",FALSE
"Liver_vs_Colon","Liver","Colon","Liver_Ins1","Colon_Ghrhr",0.983245810371871,0.116698442428302,3,"Ins1","Ghrhr","All_Groups","Metabolic-immune axis (n=12)","p>0.05",FALSE
"Liver_vs_Colon","Liver","Colon","Liver_Ins2","Colon_Ghrhr",-0.301287599485957,0.367931324068936,11,"Ins2","Ghrhr","All_Groups","Metabolic-immune axis (n=12)","p>0.05",FALSE
"Liver_vs_Colon","Liver","Colon","Liver_Srr","Colon_Ghrhr",-0.40073652414031,0.196716174190875,12,"Srr","Ghrhr","All_Groups","Metabolic-immune axis (n=12)","p>0.05",FALSE
"Liver_vs_Colon","Liver","Colon","Liver_Glp1r","Colon_Ghrhr",-0.155456647155291,0.629493137551168,12,"Glp1r","Ghrhr","All_Groups","Metabolic-immune axis (n=12)","p>0.05",FALSE
"Liver_vs_Colon","Liver","Colon","Liver_Zfand6","Colon_Ghrhr",-0.362407055612692,0.246983981008661,12,"Zfand6","Ghrhr","All_Groups","Metabolic-immune axis (n=12)","p>0.05",FALSE
"Liver_vs_Colon","Liver","Colon","Liver_Ghrhr","Colon_Ghrhr",-0.352358453042835,0.261300025276695,12,"Ghrhr","Ghrhr","All_Groups","Metabolic-immune axis (n=12)","p>0.05",FALSE
"Liver_vs_Colon","Liver","Colon","Liver_Insr","Colon_Ghrhr",-0.100416397668944,0.7561739246846,12,"Insr","Ghrhr","All_Groups","Metabolic-immune axis (n=12)","p>0.05",FALSE
"Liver_vs_Colon","Liver","Colon","Liver_Glut1","Colon_Ghrhr",-0.35582171398944,0.256312747460088,12,"Glut1","Ghrhr","All_Groups","Metabolic-immune axis (n=12)","p>0.05",FALSE
"Liver_vs_Colon","Liver","Colon","Liver_Tcf19","Colon_Ghrhr",-0.410687535765436,0.184788819167264,12,"Tcf19","Ghrhr","All_Groups","Metabolic-immune axis (n=12)","p>0.05",FALSE
"Liver_vs_Colon","Liver","Colon","Liver_Tbc1d4","Colon_Insr",0.0895411914549594,0.781983425628956,12,"Tbc1d4","Insr","All_Groups","Metabolic-immune axis (n=12)","p>0.05",FALSE
"Liver_vs_Colon","Liver","Colon","Liver_Mafa","Colon_Insr",0.0416862515648705,0.897650062652474,12,"Mafa","Insr","All_Groups","Metabolic-immune axis (n=12)","p>0.05",FALSE
"Liver_vs_Colon","Liver","Colon","Liver_Ins1","Colon_Insr",-0.129805830898581,0.917129198056082,3,"Ins1","Insr","All_Groups","Metabolic-immune axis (n=12)","p>0.05",FALSE
"Liver_vs_Colon","Liver","Colon","Liver_Ins2","Colon_Insr",-0.0872115789502661,0.798744664077349,11,"Ins2","Insr","All_Groups","Metabolic-immune axis (n=12)","p>0.05",FALSE
"Liver_vs_Colon","Liver","Colon","Liver_Srr","Colon_Insr",0.00272910322681816,0.993283914223216,12,"Srr","Insr","All_Groups","Metabolic-immune axis (n=12)","p>0.05",FALSE
"Liver_vs_Colon","Liver","Colon","Liver_Glp1r","Colon_Insr",0.0742559423797657,0.818597602608913,12,"Glp1r","Insr","All_Groups","Metabolic-immune axis (n=12)","p>0.05",FALSE
"Liver_vs_Colon","Liver","Colon","Liver_Zfand6","Colon_Insr",0.119746485366313,0.710873308668901,12,"Zfand6","Insr","All_Groups","Metabolic-immune axis (n=12)","p>0.05",FALSE
"Liver_vs_Colon","Liver","Colon","Liver_Ghrhr","Colon_Insr",-0.0418844032827975,0.897165820453441,12,"Ghrhr","Insr","All_Groups","Metabolic-immune axis (n=12)","p>0.05",FALSE
"Liver_vs_Colon","Liver","Colon","Liver_Insr","Colon_Insr",0.347435148312728,0.268486040542307,12,"Insr","Insr","All_Groups","Metabolic-immune axis (n=12)","p>0.05",FALSE
"Liver_vs_Colon","Liver","Colon","Liver_Glut1","Colon_Insr",0.0818131386960387,0.800449025393808,12,"Glut1","Insr","All_Groups","Metabolic-immune axis (n=12)","p>0.05",FALSE
"Liver_vs_Colon","Liver","Colon","Liver_Tcf19","Colon_Insr",-0.0106575196908197,0.973776481716253,12,"Tcf19","Insr","All_Groups","Metabolic-immune axis (n=12)","p>0.05",FALSE
"Liver_vs_Colon","Liver","Colon","Liver_Tbc1d4","Colon_Glut1",-0.331279777121436,0.292856308888499,12,"Tbc1d4","Glut1","All_Groups","Metabolic-immune axis (n=12)","p>0.05",FALSE
"Liver_vs_Colon","Liver","Colon","Liver_Mafa","Colon_Glut1",-0.37206187968978,0.233673701027901,12,"Mafa","Glut1","All_Groups","Metabolic-immune axis (n=12)","p>0.05",FALSE
"Liver_vs_Colon","Liver","Colon","Liver_Ins1","Colon_Glut1",0.451669785613817,0.701657041872192,3,"Ins1","Glut1","All_Groups","Metabolic-immune axis (n=12)","p>0.05",FALSE
"Liver_vs_Colon","Liver","Colon","Liver_Ins2","Colon_Glut1",-0.316120534376449,0.34360907971848,11,"Ins2","Glut1","All_Groups","Metabolic-immune axis (n=12)","p>0.05",FALSE
"Liver_vs_Colon","Liver","Colon","Liver_Srr","Colon_Glut1",-0.375551133832698,0.228970759132689,12,"Srr","Glut1","All_Groups","Metabolic-immune axis (n=12)","p>0.05",FALSE
"Liver_vs_Colon","Liver","Colon","Liver_Glp1r","Colon_Glut1",-0.168271722397915,0.601134828743955,12,"Glp1r","Glut1","All_Groups","Metabolic-immune axis (n=12)","p>0.05",FALSE
"Liver_vs_Colon","Liver","Colon","Liver_Zfand6","Colon_Glut1",-0.302862323927063,0.338626406354789,12,"Zfand6","Glut1","All_Groups","Metabolic-immune axis (n=12)","p>0.05",FALSE
"Liver_vs_Colon","Liver","Colon","Liver_Ghrhr","Colon_Glut1",-0.358616943036499,0.252328289896001,12,"Ghrhr","Glut1","All_Groups","Metabolic-immune axis (n=12)","p>0.05",FALSE
"Liver_vs_Colon","Liver","Colon","Liver_Insr","Colon_Glut1",0.00122218244216166,0.996992291386519,12,"Insr","Glut1","All_Groups","Metabolic-immune axis (n=12)","p>0.05",FALSE
"Liver_vs_Colon","Liver","Colon","Liver_Glut1","Colon_Glut1",-0.327064862636033,0.29941259084528,12,"Glut1","Glut1","All_Groups","Metabolic-immune axis (n=12)","p>0.05",FALSE
"Liver_vs_Colon","Liver","Colon","Liver_Tcf19","Colon_Glut1",-0.390580151434711,0.209366095433245,12,"Tcf19","Glut1","All_Groups","Metabolic-immune axis (n=12)","p>0.05",FALSE
"Liver_vs_Colon","Liver","Colon","Liver_Tbc1d4","Colon_Tcf19",0.0611666746180042,0.850221015882731,12,"Tbc1d4","Tcf19","All_Groups","Metabolic-immune axis (n=12)","p>0.05",FALSE
"Liver_vs_Colon","Liver","Colon","Liver_Mafa","Colon_Tcf19",0.0426947525855951,0.895185829583256,12,"Mafa","Tcf19","All_Groups","Metabolic-immune axis (n=12)","p>0.05",FALSE
"Liver_vs_Colon","Liver","Colon","Liver_Ins1","Colon_Tcf19",0.558787428111677,0.622533536310957,3,"Ins1","Tcf19","All_Groups","Metabolic-immune axis (n=12)","p>0.05",FALSE
"Liver_vs_Colon","Liver","Colon","Liver_Ins2","Colon_Tcf19",-0.00398107237561525,0.990731401042582,11,"Ins2","Tcf19","All_Groups","Metabolic-immune axis (n=12)","p>0.05",FALSE
"Liver_vs_Colon","Liver","Colon","Liver_Srr","Colon_Tcf19",0.0189845798084676,0.953302579687358,12,"Srr","Tcf19","All_Groups","Metabolic-immune axis (n=12)","p>0.05",FALSE
"Liver_vs_Colon","Liver","Colon","Liver_Glp1r","Colon_Tcf19",0.0890860700767038,0.783068138737985,12,"Glp1r","Tcf19","All_Groups","Metabolic-immune axis (n=12)","p>0.05",FALSE
"Liver_vs_Colon","Liver","Colon","Liver_Zfand6","Colon_Tcf19",0.120609232981178,0.708870166669953,12,"Zfand6","Tcf19","All_Groups","Metabolic-immune axis (n=12)","p>0.05",FALSE
"Liver_vs_Colon","Liver","Colon","Liver_Ghrhr","Colon_Tcf19",-0.0211639305602252,0.947947981964439,12,"Ghrhr","Tcf19","All_Groups","Metabolic-immune axis (n=12)","p>0.05",FALSE
"Liver_vs_Colon","Liver","Colon","Liver_Insr","Colon_Tcf19",0.382728435985371,0.219476297380658,12,"Insr","Tcf19","All_Groups","Metabolic-immune axis (n=12)","p>0.05",FALSE
"Liver_vs_Colon","Liver","Colon","Liver_Glut1","Colon_Tcf19",0.0683996847449841,0.832718269131289,12,"Glut1","Tcf19","All_Groups","Metabolic-immune axis (n=12)","p>0.05",FALSE
"Liver_vs_Colon","Liver","Colon","Liver_Tcf19","Colon_Tcf19",-0.00502921974374472,0.987623821916528,12,"Tcf19","Tcf19","All_Groups","Metabolic-immune axis (n=12)","p>0.05",FALSE
"Liver_vs_Spleen","Liver","Spleen","Liver_Tbc1d4","Spleen_Tbc1d4",-0.212157228270444,0.507985751625148,12,"Tbc1d4","Tbc1d4","All_Groups","Metabolic-immune axis (n=12)","p>0.05",FALSE
"Liver_vs_Spleen","Liver","Spleen","Liver_Mafa","Spleen_Tbc1d4",-0.300610352828933,0.3424093768511,12,"Mafa","Tbc1d4","All_Groups","Metabolic-immune axis (n=12)","p>0.05",FALSE
"Liver_vs_Spleen","Liver","Spleen","Liver_Ins1","Spleen_Tbc1d4",-0.975153136425705,0.142211353888851,3,"Ins1","Tbc1d4","All_Groups","Metabolic-immune axis (n=12)","p>0.05",FALSE
"Liver_vs_Spleen","Liver","Spleen","Liver_Ins2","Spleen_Tbc1d4",-0.729215991717656,0.010883747911956,11,"Ins2","Tbc1d4","All_Groups","Metabolic-immune axis (n=12)","p<0.05",TRUE
"Liver_vs_Spleen","Liver","Spleen","Liver_Srr","Spleen_Tbc1d4",-0.347763331865819,0.268003517279103,12,"Srr","Tbc1d4","All_Groups","Metabolic-immune axis (n=12)","p>0.05",FALSE
"Liver_vs_Spleen","Liver","Spleen","Liver_Glp1r","Spleen_Tbc1d4",-0.501651713293246,0.0965741563156664,12,"Glp1r","Tbc1d4","All_Groups","Metabolic-immune axis (n=12)","p>0.05",FALSE
"Liver_vs_Spleen","Liver","Spleen","Liver_Zfand6","Spleen_Tbc1d4",-0.234069579992373,0.464027861923869,12,"Zfand6","Tbc1d4","All_Groups","Metabolic-immune axis (n=12)","p>0.05",FALSE
"Liver_vs_Spleen","Liver","Spleen","Liver_Ghrhr","Spleen_Tbc1d4",-0.457822007871547,0.134486944118525,12,"Ghrhr","Tbc1d4","All_Groups","Metabolic-immune axis (n=12)","p>0.05",FALSE
"Liver_vs_Spleen","Liver","Spleen","Liver_Insr","Spleen_Tbc1d4",0.157689958180809,0.624516555217069,12,"Insr","Tbc1d4","All_Groups","Metabolic-immune axis (n=12)","p>0.05",FALSE
"Liver_vs_Spleen","Liver","Spleen","Liver_Glut1","Spleen_Tbc1d4",-0.257214887026707,0.41962657456883,12,"Glut1","Tbc1d4","All_Groups","Metabolic-immune axis (n=12)","p>0.05",FALSE
"Liver_vs_Spleen","Liver","Spleen","Liver_Tcf19","Spleen_Tbc1d4",-0.404233877830334,0.192471657058845,12,"Tcf19","Tbc1d4","All_Groups","Metabolic-immune axis (n=12)","p>0.05",FALSE
"Liver_vs_Spleen","Liver","Spleen","Liver_Tbc1d4","Spleen_Mafa",-0.437680262257518,0.154742759303099,12,"Tbc1d4","Mafa","All_Groups","Metabolic-immune axis (n=12)","p>0.05",FALSE
"Liver_vs_Spleen","Liver","Spleen","Liver_Mafa","Spleen_Mafa",-0.544053341386082,0.0674552648213672,12,"Mafa","Mafa","All_Groups","Metabolic-immune axis (n=12)","p>0.05",FALSE
"Liver_vs_Spleen","Liver","Spleen","Liver_Ins1","Spleen_Mafa",-0.977247352665797,0.136062357260753,3,"Ins1","Mafa","All_Groups","Metabolic-immune axis (n=12)","p>0.05",FALSE
"Liver_vs_Spleen","Liver","Spleen","Liver_Ins2","Spleen_Mafa",-0.613648057053777,0.0446337237210118,11,"Ins2","Mafa","All_Groups","Metabolic-immune axis (n=12)","p<0.05",TRUE
"Liver_vs_Spleen","Liver","Spleen","Liver_Srr","Spleen_Mafa",-0.419747366541449,0.174329712922459,12,"Srr","Mafa","All_Groups","Metabolic-immune axis (n=12)","p>0.05",FALSE
"Liver_vs_Spleen","Liver","Spleen","Liver_Glp1r","Spleen_Mafa",-0.278001349872647,0.381628716043334,12,"Glp1r","Mafa","All_Groups","Metabolic-immune axis (n=12)","p>0.05",FALSE
"Liver_vs_Spleen","Liver","Spleen","Liver_Zfand6","Spleen_Mafa",-0.447145165780345,0.144996593116156,12,"Zfand6","Mafa","All_Groups","Metabolic-immune axis (n=12)","p>0.05",FALSE
"Liver_vs_Spleen","Liver","Spleen","Liver_Ghrhr","Spleen_Mafa",-0.457049067944052,0.135230663650572,12,"Ghrhr","Mafa","All_Groups","Metabolic-immune axis (n=12)","p>0.05",FALSE
"Liver_vs_Spleen","Liver","Spleen","Liver_Insr","Spleen_Mafa",-0.0904476279999958,0.779824134501845,12,"Insr","Mafa","All_Groups","Metabolic-immune axis (n=12)","p>0.05",FALSE
"Liver_vs_Spleen","Liver","Spleen","Liver_Glut1","Spleen_Mafa",-0.422852061662915,0.170832858876086,12,"Glut1","Mafa","All_Groups","Metabolic-immune axis (n=12)","p>0.05",FALSE
"Liver_vs_Spleen","Liver","Spleen","Liver_Tcf19","Spleen_Mafa",-0.486362589773517,0.108863065364455,12,"Tcf19","Mafa","All_Groups","Metabolic-immune axis (n=12)","p>0.05",FALSE
"Liver_vs_Spleen","Liver","Spleen","Liver_Tbc1d4","Spleen_Ins1",NA,NA,NA,"Tbc1d4","Ins1","All_Groups","Metabolic-immune axis (n=12)","p>0.05",NA
"Liver_vs_Spleen","Liver","Spleen","Liver_Mafa","Spleen_Ins1",NA,NA,NA,"Mafa","Ins1","All_Groups","Metabolic-immune axis (n=12)","p>0.05",NA
"Liver_vs_Spleen","Liver","Spleen","Liver_Ins1","Spleen_Ins1",NA,NA,NA,"Ins1","Ins1","All_Groups","Metabolic-immune axis (n=12)","p>0.05",NA
"Liver_vs_Spleen","Liver","Spleen","Liver_Ins2","Spleen_Ins1",NA,NA,NA,"Ins2","Ins1","All_Groups","Metabolic-immune axis (n=12)","p>0.05",NA
"Liver_vs_Spleen","Liver","Spleen","Liver_Srr","Spleen_Ins1",NA,NA,NA,"Srr","Ins1","All_Groups","Metabolic-immune axis (n=12)","p>0.05",NA
"Liver_vs_Spleen","Liver","Spleen","Liver_Glp1r","Spleen_Ins1",NA,NA,NA,"Glp1r","Ins1","All_Groups","Metabolic-immune axis (n=12)","p>0.05",NA
"Liver_vs_Spleen","Liver","Spleen","Liver_Zfand6","Spleen_Ins1",NA,NA,NA,"Zfand6","Ins1","All_Groups","Metabolic-immune axis (n=12)","p>0.05",NA
"Liver_vs_Spleen","Liver","Spleen","Liver_Ghrhr","Spleen_Ins1",NA,NA,NA,"Ghrhr","Ins1","All_Groups","Metabolic-immune axis (n=12)","p>0.05",NA
"Liver_vs_Spleen","Liver","Spleen","Liver_Insr","Spleen_Ins1",NA,NA,NA,"Insr","Ins1","All_Groups","Metabolic-immune axis (n=12)","p>0.05",NA
"Liver_vs_Spleen","Liver","Spleen","Liver_Glut1","Spleen_Ins1",NA,NA,NA,"Glut1","Ins1","All_Groups","Metabolic-immune axis (n=12)","p>0.05",NA
"Liver_vs_Spleen","Liver","Spleen","Liver_Tcf19","Spleen_Ins1",NA,NA,NA,"Tcf19","Ins1","All_Groups","Metabolic-immune axis (n=12)","p>0.05",NA
"Liver_vs_Spleen","Liver","Spleen","Liver_Tbc1d4","Spleen_Ins2",-0.571373012613268,0.236207731886259,6,"Tbc1d4","Ins2","All_Groups","Metabolic-immune axis (n=12)","p>0.05",FALSE
"Liver_vs_Spleen","Liver","Spleen","Liver_Mafa","Spleen_Ins2",-0.60940968136749,0.199046810356794,6,"Mafa","Ins2","All_Groups","Metabolic-immune axis (n=12)","p>0.05",FALSE
"Liver_vs_Spleen","Liver","Spleen","Liver_Ins1","Spleen_Ins2",NA,NA,NA,"Ins1","Ins2","All_Groups","Metabolic-immune axis (n=12)","p>0.05",NA
"Liver_vs_Spleen","Liver","Spleen","Liver_Ins2","Spleen_Ins2",-0.587683662181893,0.297373958488923,5,"Ins2","Ins2","All_Groups","Metabolic-immune axis (n=12)","p>0.05",FALSE
"Liver_vs_Spleen","Liver","Spleen","Liver_Srr","Spleen_Ins2",-0.646806304120427,0.165088967469358,6,"Srr","Ins2","All_Groups","Metabolic-immune axis (n=12)","p>0.05",FALSE
"Liver_vs_Spleen","Liver","Spleen","Liver_Glp1r","Spleen_Ins2",-0.454932229929111,0.364678800592363,6,"Glp1r","Ins2","All_Groups","Metabolic-immune axis (n=12)","p>0.05",FALSE
"Liver_vs_Spleen","Liver","Spleen","Liver_Zfand6","Spleen_Ins2",-0.591993922032347,0.215743265821,6,"Zfand6","Ins2","All_Groups","Metabolic-immune axis (n=12)","p>0.05",FALSE
"Liver_vs_Spleen","Liver","Spleen","Liver_Ghrhr","Spleen_Ins2",-0.613692915899017,0.195024830771288,6,"Ghrhr","Ins2","All_Groups","Metabolic-immune axis (n=12)","p>0.05",FALSE
"Liver_vs_Spleen","Liver","Spleen","Liver_Insr","Spleen_Ins2",-0.576924691413633,0.230625375669393,6,"Insr","Ins2","All_Groups","Metabolic-immune axis (n=12)","p>0.05",FALSE
"Liver_vs_Spleen","Liver","Spleen","Liver_Glut1","Spleen_Ins2",-0.576322284592384,0.231228540308943,6,"Glut1","Ins2","All_Groups","Metabolic-immune axis (n=12)","p>0.05",FALSE
"Liver_vs_Spleen","Liver","Spleen","Liver_Tcf19","Spleen_Ins2",-0.622726452564651,0.186653317030939,6,"Tcf19","Ins2","All_Groups","Metabolic-immune axis (n=12)","p>0.05",FALSE
"Liver_vs_Spleen","Liver","Spleen","Liver_Tbc1d4","Spleen_Srr",-0.247503597468369,0.437994344616721,12,"Tbc1d4","Srr","All_Groups","Metabolic-immune axis (n=12)","p>0.05",FALSE
"Liver_vs_Spleen","Liver","Spleen","Liver_Mafa","Spleen_Srr",-0.378248965433294,0.22537363071455,12,"Mafa","Srr","All_Groups","Metabolic-immune axis (n=12)","p>0.05",FALSE
"Liver_vs_Spleen","Liver","Spleen","Liver_Ins1","Spleen_Srr",-0.967034716052104,0.163916948759571,3,"Ins1","Srr","All_Groups","Metabolic-immune axis (n=12)","p>0.05",FALSE
"Liver_vs_Spleen","Liver","Spleen","Liver_Ins2","Spleen_Srr",-0.554767811984871,0.0765093692787368,11,"Ins2","Srr","All_Groups","Metabolic-immune axis (n=12)","p>0.05",FALSE
"Liver_vs_Spleen","Liver","Spleen","Liver_Srr","Spleen_Srr",-0.2059213147486,0.520820214867566,12,"Srr","Srr","All_Groups","Metabolic-immune axis (n=12)","p>0.05",FALSE
"Liver_vs_Spleen","Liver","Spleen","Liver_Glp1r","Spleen_Srr",-0.137778376730753,0.669372609987205,12,"Glp1r","Srr","All_Groups","Metabolic-immune axis (n=12)","p>0.05",FALSE
"Liver_vs_Spleen","Liver","Spleen","Liver_Zfand6","Spleen_Srr",-0.252841458837096,0.427850783886764,12,"Zfand6","Srr","All_Groups","Metabolic-immune axis (n=12)","p>0.05",FALSE
"Liver_vs_Spleen","Liver","Spleen","Liver_Ghrhr","Spleen_Srr",-0.309544382073947,0.327535166599842,12,"Ghrhr","Srr","All_Groups","Metabolic-immune axis (n=12)","p>0.05",FALSE
"Liver_vs_Spleen","Liver","Spleen","Liver_Insr","Spleen_Srr",0.11637360536675,0.718720541333249,12,"Insr","Srr","All_Groups","Metabolic-immune axis (n=12)","p>0.05",FALSE
"Liver_vs_Spleen","Liver","Spleen","Liver_Glut1","Spleen_Srr",-0.219919148769574,0.492208483757406,12,"Glut1","Srr","All_Groups","Metabolic-immune axis (n=12)","p>0.05",FALSE
"Liver_vs_Spleen","Liver","Spleen","Liver_Tcf19","Spleen_Srr",-0.304284787784962,0.336248554028851,12,"Tcf19","Srr","All_Groups","Metabolic-immune axis (n=12)","p>0.05",FALSE
"Liver_vs_Spleen","Liver","Spleen","Liver_Tbc1d4","Spleen_Glp1r",-0.493187800882988,0.103255764899181,12,"Tbc1d4","Glp1r","All_Groups","Metabolic-immune axis (n=12)","p>0.05",FALSE
"Liver_vs_Spleen","Liver","Spleen","Liver_Mafa","Spleen_Glp1r",-0.565376238445649,0.0553976552633852,12,"Mafa","Glp1r","All_Groups","Metabolic-immune axis (n=12)","p>0.05",FALSE
"Liver_vs_Spleen","Liver","Spleen","Liver_Ins1","Spleen_Glp1r",-0.901428549558885,0.285039070039924,3,"Ins1","Glp1r","All_Groups","Metabolic-immune axis (n=12)","p>0.05",FALSE
"Liver_vs_Spleen","Liver","Spleen","Liver_Ins2","Spleen_Glp1r",-0.71451657560559,0.0134866721043938,11,"Ins2","Glp1r","All_Groups","Metabolic-immune axis (n=12)","p<0.05",TRUE
"Liver_vs_Spleen","Liver","Spleen","Liver_Srr","Spleen_Glp1r",-0.387134493331806,0.213767323642107,12,"Srr","Glp1r","All_Groups","Metabolic-immune axis (n=12)","p>0.05",FALSE
"Liver_vs_Spleen","Liver","Spleen","Liver_Glp1r","Spleen_Glp1r",-0.460236107172565,0.132181217170561,12,"Glp1r","Glp1r","All_Groups","Metabolic-immune axis (n=12)","p>0.05",FALSE
"Liver_vs_Spleen","Liver","Spleen","Liver_Zfand6","Spleen_Glp1r",-0.469892636247011,0.123215895893254,12,"Zfand6","Glp1r","All_Groups","Metabolic-immune axis (n=12)","p>0.05",FALSE
"Liver_vs_Spleen","Liver","Spleen","Liver_Ghrhr","Spleen_Glp1r",-0.525397722568954,0.0793942918871606,12,"Ghrhr","Glp1r","All_Groups","Metabolic-immune axis (n=12)","p>0.05",FALSE
"Liver_vs_Spleen","Liver","Spleen","Liver_Insr","Spleen_Glp1r",-0.0609122993669796,0.85083774000004,12,"Insr","Glp1r","All_Groups","Metabolic-immune axis (n=12)","p>0.05",FALSE
"Liver_vs_Spleen","Liver","Spleen","Liver_Glut1","Spleen_Glp1r",-0.458843439718034,0.133508204938406,12,"Glut1","Glp1r","All_Groups","Metabolic-immune axis (n=12)","p>0.05",FALSE
"Liver_vs_Spleen","Liver","Spleen","Liver_Tcf19","Spleen_Glp1r",-0.545625304962933,0.0665096025904313,12,"Tcf19","Glp1r","All_Groups","Metabolic-immune axis (n=12)","p>0.05",FALSE
"Liver_vs_Spleen","Liver","Spleen","Liver_Tbc1d4","Spleen_Zfand6",0.407074610151521,0.189065992676604,12,"Tbc1d4","Zfand6","All_Groups","Metabolic-immune axis (n=12)","p>0.05",FALSE
"Liver_vs_Spleen","Liver","Spleen","Liver_Mafa","Spleen_Zfand6",0.28515545369565,0.368976978527406,12,"Mafa","Zfand6","All_Groups","Metabolic-immune axis (n=12)","p>0.05",FALSE
"Liver_vs_Spleen","Liver","Spleen","Liver_Ins1","Spleen_Zfand6",-0.992059863600113,0.0802780629367044,3,"Ins1","Zfand6","All_Groups","Metabolic-immune axis (n=12)","p>0.05",FALSE
"Liver_vs_Spleen","Liver","Spleen","Liver_Ins2","Spleen_Zfand6",-0.319017625655085,0.338959689217191,11,"Ins2","Zfand6","All_Groups","Metabolic-immune axis (n=12)","p>0.05",FALSE
"Liver_vs_Spleen","Liver","Spleen","Liver_Srr","Spleen_Zfand6",0.36512210773985,0.243196873373429,12,"Srr","Zfand6","All_Groups","Metabolic-immune axis (n=12)","p>0.05",FALSE
"Liver_vs_Spleen","Liver","Spleen","Liver_Glp1r","Spleen_Zfand6",0.0497172660822622,0.878051257118759,12,"Glp1r","Zfand6","All_Groups","Metabolic-immune axis (n=12)","p>0.05",FALSE
"Liver_vs_Spleen","Liver","Spleen","Liver_Zfand6","Spleen_Zfand6",0.408158628547881,0.18777629985336,12,"Zfand6","Zfand6","All_Groups","Metabolic-immune axis (n=12)","p>0.05",FALSE
"Liver_vs_Spleen","Liver","Spleen","Liver_Ghrhr","Spleen_Zfand6",0.149174327443001,0.643567806637403,12,"Ghrhr","Zfand6","All_Groups","Metabolic-immune axis (n=12)","p>0.05",FALSE
"Liver_vs_Spleen","Liver","Spleen","Liver_Insr","Spleen_Zfand6",0.702347610443918,0.0108714894880389,12,"Insr","Zfand6","All_Groups","Metabolic-immune axis (n=12)","p<0.05",TRUE
"Liver_vs_Spleen","Liver","Spleen","Liver_Glut1","Spleen_Zfand6",0.393886240020858,0.205195374984403,12,"Glut1","Zfand6","All_Groups","Metabolic-immune axis (n=12)","p>0.05",FALSE
"Liver_vs_Spleen","Liver","Spleen","Liver_Tcf19","Spleen_Zfand6",0.264025081254341,0.406977358485995,12,"Tcf19","Zfand6","All_Groups","Metabolic-immune axis (n=12)","p>0.05",FALSE
"Liver_vs_Spleen","Liver","Spleen","Liver_Tbc1d4","Spleen_Ghrhr",-0.109542754289266,0.734688921164185,12,"Tbc1d4","Ghrhr","All_Groups","Metabolic-immune axis (n=12)","p>0.05",FALSE
"Liver_vs_Spleen","Liver","Spleen","Liver_Mafa","Spleen_Ghrhr",-0.203900420442502,0.525009372330668,12,"Mafa","Ghrhr","All_Groups","Metabolic-immune axis (n=12)","p>0.05",FALSE
"Liver_vs_Spleen","Liver","Spleen","Liver_Ins1","Spleen_Ghrhr",-0.795643511609029,0.414265786102031,3,"Ins1","Ghrhr","All_Groups","Metabolic-immune axis (n=12)","p>0.05",FALSE
"Liver_vs_Spleen","Liver","Spleen","Liver_Ins2","Spleen_Ghrhr",-0.352016945896099,0.288384629632124,11,"Ins2","Ghrhr","All_Groups","Metabolic-immune axis (n=12)","p>0.05",FALSE
"Liver_vs_Spleen","Liver","Spleen","Liver_Srr","Spleen_Ghrhr",-0.150304415246981,0.641027895625275,12,"Srr","Ghrhr","All_Groups","Metabolic-immune axis (n=12)","p>0.05",FALSE
"Liver_vs_Spleen","Liver","Spleen","Liver_Glp1r","Spleen_Ghrhr",-0.0467332398495735,0.885326661382813,12,"Glp1r","Ghrhr","All_Groups","Metabolic-immune axis (n=12)","p>0.05",FALSE
"Liver_vs_Spleen","Liver","Spleen","Liver_Zfand6","Spleen_Ghrhr",-0.123693921610667,0.701721996627925,12,"Zfand6","Ghrhr","All_Groups","Metabolic-immune axis (n=12)","p>0.05",FALSE
"Liver_vs_Spleen","Liver","Spleen","Liver_Ghrhr","Spleen_Ghrhr",-0.154613432018449,0.631375808081447,12,"Ghrhr","Ghrhr","All_Groups","Metabolic-immune axis (n=12)","p>0.05",FALSE
"Liver_vs_Spleen","Liver","Spleen","Liver_Insr","Spleen_Ghrhr",0.184567638787394,0.565798591083243,12,"Insr","Ghrhr","All_Groups","Metabolic-immune axis (n=12)","p>0.05",FALSE
"Liver_vs_Spleen","Liver","Spleen","Liver_Glut1","Spleen_Ghrhr",-0.109567635954169,0.734630576158898,12,"Glut1","Ghrhr","All_Groups","Metabolic-immune axis (n=12)","p>0.05",FALSE
"Liver_vs_Spleen","Liver","Spleen","Liver_Tcf19","Spleen_Ghrhr",-0.184329877525861,0.566308053081911,12,"Tcf19","Ghrhr","All_Groups","Metabolic-immune axis (n=12)","p>0.05",FALSE
"Liver_vs_Spleen","Liver","Spleen","Liver_Tbc1d4","Spleen_Insr",-0.125605809533936,0.697302639673288,12,"Tbc1d4","Insr","All_Groups","Metabolic-immune axis (n=12)","p>0.05",FALSE
"Liver_vs_Spleen","Liver","Spleen","Liver_Mafa","Spleen_Insr",-0.291292944259084,0.358300515650076,12,"Mafa","Insr","All_Groups","Metabolic-immune axis (n=12)","p>0.05",FALSE
"Liver_vs_Spleen","Liver","Spleen","Liver_Ins1","Spleen_Insr",-0.930565611010506,0.238631603272054,3,"Ins1","Insr","All_Groups","Metabolic-immune axis (n=12)","p>0.05",FALSE
"Liver_vs_Spleen","Liver","Spleen","Liver_Ins2","Spleen_Insr",-0.5692469081729,0.0675796277253724,11,"Ins2","Insr","All_Groups","Metabolic-immune axis (n=12)","p>0.05",FALSE
"Liver_vs_Spleen","Liver","Spleen","Liver_Srr","Spleen_Insr",-0.19766606347402,0.538023188397086,12,"Srr","Insr","All_Groups","Metabolic-immune axis (n=12)","p>0.05",FALSE
"Liver_vs_Spleen","Liver","Spleen","Liver_Glp1r","Spleen_Insr",-0.181169838933719,0.573096703139165,12,"Glp1r","Insr","All_Groups","Metabolic-immune axis (n=12)","p>0.05",FALSE
"Liver_vs_Spleen","Liver","Spleen","Liver_Zfand6","Spleen_Insr",-0.181726942155881,0.571897536592115,12,"Zfand6","Insr","All_Groups","Metabolic-immune axis (n=12)","p>0.05",FALSE
"Liver_vs_Spleen","Liver","Spleen","Liver_Ghrhr","Spleen_Insr",-0.285498258123582,0.368376315118998,12,"Ghrhr","Insr","All_Groups","Metabolic-immune axis (n=12)","p>0.05",FALSE
"Liver_vs_Spleen","Liver","Spleen","Liver_Insr","Spleen_Insr",0.0876276064193128,0.786546547817788,12,"Insr","Insr","All_Groups","Metabolic-immune axis (n=12)","p>0.05",FALSE
"Liver_vs_Spleen","Liver","Spleen","Liver_Glut1","Spleen_Insr",-0.147149745661455,0.648126874747158,12,"Glut1","Insr","All_Groups","Metabolic-immune axis (n=12)","p>0.05",FALSE
"Liver_vs_Spleen","Liver","Spleen","Liver_Tcf19","Spleen_Insr",-0.233248731208803,0.465641597275979,12,"Tcf19","Insr","All_Groups","Metabolic-immune axis (n=12)","p>0.05",FALSE
"Liver_vs_Spleen","Liver","Spleen","Liver_Tbc1d4","Spleen_Glut1",-0.55026743744275,0.0637704980079172,12,"Tbc1d4","Glut1","All_Groups","Metabolic-immune axis (n=12)","p>0.05",FALSE
"Liver_vs_Spleen","Liver","Spleen","Liver_Mafa","Spleen_Glut1",-0.671321134306578,0.0168331451147916,12,"Mafa","Glut1","All_Groups","Metabolic-immune axis (n=12)","p<0.05",TRUE
"Liver_vs_Spleen","Liver","Spleen","Liver_Ins1","Spleen_Glut1",-0.998126560656822,0.0389746985058878,3,"Ins1","Glut1","All_Groups","Metabolic-immune axis (n=12)","p<0.05",TRUE
"Liver_vs_Spleen","Liver","Spleen","Liver_Ins2","Spleen_Glut1",-0.728935607422818,0.0109296774678283,11,"Ins2","Glut1","All_Groups","Metabolic-immune axis (n=12)","p<0.05",TRUE
"Liver_vs_Spleen","Liver","Spleen","Liver_Srr","Spleen_Glut1",-0.497687267815839,0.099666560309518,12,"Srr","Glut1","All_Groups","Metabolic-immune axis (n=12)","p>0.05",FALSE
"Liver_vs_Spleen","Liver","Spleen","Liver_Glp1r","Spleen_Glut1",-0.392937630908645,0.206386840395899,12,"Glp1r","Glut1","All_Groups","Metabolic-immune axis (n=12)","p>0.05",FALSE
"Liver_vs_Spleen","Liver","Spleen","Liver_Zfand6","Spleen_Glut1",-0.555890649076723,0.060558369043161,12,"Zfand6","Glut1","All_Groups","Metabolic-immune axis (n=12)","p>0.05",FALSE
"Liver_vs_Spleen","Liver","Spleen","Liver_Ghrhr","Spleen_Glut1",-0.573442368029264,0.0512577021486712,12,"Ghrhr","Glut1","All_Groups","Metabolic-immune axis (n=12)","p>0.05",FALSE
"Liver_vs_Spleen","Liver","Spleen","Liver_Insr","Spleen_Glut1",-0.171170865910124,0.594787449438173,12,"Insr","Glut1","All_Groups","Metabolic-immune axis (n=12)","p>0.05",FALSE
"Liver_vs_Spleen","Liver","Spleen","Liver_Glut1","Spleen_Glut1",-0.514502206687277,0.0869947606386872,12,"Glut1","Glut1","All_Groups","Metabolic-immune axis (n=12)","p>0.05",FALSE
"Liver_vs_Spleen","Liver","Spleen","Liver_Tcf19","Spleen_Glut1",-0.592367056402329,0.0424054567414154,12,"Tcf19","Glut1","All_Groups","Metabolic-immune axis (n=12)","p<0.05",TRUE
"Liver_vs_Spleen","Liver","Spleen","Liver_Tbc1d4","Spleen_Tcf19",0.793679290145043,0.00205815791908035,12,"Tbc1d4","Tcf19","All_Groups","Metabolic-immune axis (n=12)","p<0.01",TRUE
"Liver_vs_Spleen","Liver","Spleen","Liver_Mafa","Spleen_Tcf19",0.759421584677379,0.00416846024693447,12,"Mafa","Tcf19","All_Groups","Metabolic-immune axis (n=12)","p<0.01",TRUE
"Liver_vs_Spleen","Liver","Spleen","Liver_Ins1","Spleen_Tcf19",-0.989841330078145,0.0908200813657846,3,"Ins1","Tcf19","All_Groups","Metabolic-immune axis (n=12)","p>0.05",FALSE
"Liver_vs_Spleen","Liver","Spleen","Liver_Ins2","Spleen_Tcf19",0.148010636776919,0.664064055264823,11,"Ins2","Tcf19","All_Groups","Metabolic-immune axis (n=12)","p>0.05",FALSE
"Liver_vs_Spleen","Liver","Spleen","Liver_Srr","Spleen_Tcf19",0.662615607021879,0.0188684162576549,12,"Srr","Tcf19","All_Groups","Metabolic-immune axis (n=12)","p<0.05",TRUE
"Liver_vs_Spleen","Liver","Spleen","Liver_Glp1r","Spleen_Tcf19",0.311281258180971,0.324685077089917,12,"Glp1r","Tcf19","All_Groups","Metabolic-immune axis (n=12)","p>0.05",FALSE
"Liver_vs_Spleen","Liver","Spleen","Liver_Zfand6","Spleen_Tcf19",0.772860348923586,0.00320495489115265,12,"Zfand6","Tcf19","All_Groups","Metabolic-immune axis (n=12)","p<0.01",TRUE
"Liver_vs_Spleen","Liver","Spleen","Liver_Ghrhr","Spleen_Tcf19",0.558865621098769,0.0589052870912376,12,"Ghrhr","Tcf19","All_Groups","Metabolic-immune axis (n=12)","p>0.05",FALSE
"Liver_vs_Spleen","Liver","Spleen","Liver_Insr","Spleen_Tcf19",0.693727618990422,0.0123380725224135,12,"Insr","Tcf19","All_Groups","Metabolic-immune axis (n=12)","p<0.05",TRUE
"Liver_vs_Spleen","Liver","Spleen","Liver_Glut1","Spleen_Tcf19",0.758144692325133,0.0042702581113879,12,"Glut1","Tcf19","All_Groups","Metabolic-immune axis (n=12)","p<0.01",TRUE
"Liver_vs_Spleen","Liver","Spleen","Liver_Tcf19","Spleen_Tcf19",0.672221658115676,0.0166322312591843,12,"Tcf19","Tcf19","All_Groups","Metabolic-immune axis (n=12)","p<0.05",TRUE
"Colon_vs_Spleen","Colon","Spleen","Colon_Tbc1d4","Spleen_Tbc1d4",0.522445644472841,0.0992034700433217,11,"Tbc1d4","Tbc1d4","All_Groups","Metabolic-immune axis (n=12)","p>0.05",FALSE
"Colon_vs_Spleen","Colon","Spleen","Colon_Mafa","Spleen_Tbc1d4",0.595853506821143,0.0409016365481859,12,"Mafa","Tbc1d4","All_Groups","Metabolic-immune axis (n=12)","p<0.05",TRUE
"Colon_vs_Spleen","Colon","Spleen","Colon_Ins1","Spleen_Tbc1d4",NA,NA,NA,"Ins1","Tbc1d4","All_Groups","Metabolic-immune axis (n=12)","p>0.05",NA
"Colon_vs_Spleen","Colon","Spleen","Colon_Ins2","Spleen_Tbc1d4",0.560196484022157,0.247605732483595,6,"Ins2","Tbc1d4","All_Groups","Metabolic-immune axis (n=12)","p>0.05",FALSE
"Colon_vs_Spleen","Colon","Spleen","Colon_Srr","Spleen_Tbc1d4",0.587332642233105,0.0574485565863693,11,"Srr","Tbc1d4","All_Groups","Metabolic-immune axis (n=12)","p>0.05",FALSE
"Colon_vs_Spleen","Colon","Spleen","Colon_Glp1r","Spleen_Tbc1d4",0.514275223287301,0.0871581407675233,12,"Glp1r","Tbc1d4","All_Groups","Metabolic-immune axis (n=12)","p>0.05",FALSE
"Colon_vs_Spleen","Colon","Spleen","Colon_Zfand6","Spleen_Tbc1d4",0.575752867538099,0.0501130151409985,12,"Zfand6","Tbc1d4","All_Groups","Metabolic-immune axis (n=12)","p>0.05",FALSE
"Colon_vs_Spleen","Colon","Spleen","Colon_Ghrhr","Spleen_Tbc1d4",0.546870404336631,0.0657671028587276,12,"Ghrhr","Tbc1d4","All_Groups","Metabolic-immune axis (n=12)","p>0.05",FALSE
"Colon_vs_Spleen","Colon","Spleen","Colon_Insr","Spleen_Tbc1d4",0.542758916230825,0.0682408969618836,12,"Insr","Tbc1d4","All_Groups","Metabolic-immune axis (n=12)","p>0.05",FALSE
"Colon_vs_Spleen","Colon","Spleen","Colon_Glut1","Spleen_Tbc1d4",0.545039849375873,0.0668607244270547,12,"Glut1","Tbc1d4","All_Groups","Metabolic-immune axis (n=12)","p>0.05",FALSE
"Colon_vs_Spleen","Colon","Spleen","Colon_Tcf19","Spleen_Tbc1d4",0.429106449307144,0.163923291690784,12,"Tcf19","Tbc1d4","All_Groups","Metabolic-immune axis (n=12)","p>0.05",FALSE
"Colon_vs_Spleen","Colon","Spleen","Colon_Tbc1d4","Spleen_Mafa",0.691016336766607,0.0185392755215603,11,"Tbc1d4","Mafa","All_Groups","Metabolic-immune axis (n=12)","p<0.05",TRUE
"Colon_vs_Spleen","Colon","Spleen","Colon_Mafa","Spleen_Mafa",0.732230299613469,0.00677238655426833,12,"Mafa","Mafa","All_Groups","Metabolic-immune axis (n=12)","p<0.01",TRUE
"Colon_vs_Spleen","Colon","Spleen","Colon_Ins1","Spleen_Mafa",NA,NA,NA,"Ins1","Mafa","All_Groups","Metabolic-immune axis (n=12)","p>0.05",NA
"Colon_vs_Spleen","Colon","Spleen","Colon_Ins2","Spleen_Mafa",0.382655004257103,0.454032594851195,6,"Ins2","Mafa","All_Groups","Metabolic-immune axis (n=12)","p>0.05",FALSE
"Colon_vs_Spleen","Colon","Spleen","Colon_Srr","Spleen_Mafa",0.661785502036545,0.0265533338090544,11,"Srr","Mafa","All_Groups","Metabolic-immune axis (n=12)","p<0.05",TRUE
"Colon_vs_Spleen","Colon","Spleen","Colon_Glp1r","Spleen_Mafa",0.548862885740155,0.0645908613305752,12,"Glp1r","Mafa","All_Groups","Metabolic-immune axis (n=12)","p>0.05",FALSE
"Colon_vs_Spleen","Colon","Spleen","Colon_Zfand6","Spleen_Mafa",0.755711371848773,0.00446944898696714,12,"Zfand6","Mafa","All_Groups","Metabolic-immune axis (n=12)","p<0.01",TRUE
"Colon_vs_Spleen","Colon","Spleen","Colon_Ghrhr","Spleen_Mafa",0.702673775738087,0.010818671322673,12,"Ghrhr","Mafa","All_Groups","Metabolic-immune axis (n=12)","p<0.05",TRUE
"Colon_vs_Spleen","Colon","Spleen","Colon_Insr","Spleen_Mafa",0.562469860045873,0.0569449391942176,12,"Insr","Mafa","All_Groups","Metabolic-immune axis (n=12)","p>0.05",FALSE
"Colon_vs_Spleen","Colon","Spleen","Colon_Glut1","Spleen_Mafa",0.732226253679286,0.00677284744581976,12,"Glut1","Mafa","All_Groups","Metabolic-immune axis (n=12)","p<0.01",TRUE
"Colon_vs_Spleen","Colon","Spleen","Colon_Tcf19","Spleen_Mafa",0.503939080942801,0.0948195584791989,12,"Tcf19","Mafa","All_Groups","Metabolic-immune axis (n=12)","p>0.05",FALSE
"Colon_vs_Spleen","Colon","Spleen","Colon_Tbc1d4","Spleen_Ins1",NA,NA,NA,"Tbc1d4","Ins1","All_Groups","Metabolic-immune axis (n=12)","p>0.05",NA
"Colon_vs_Spleen","Colon","Spleen","Colon_Mafa","Spleen_Ins1",NA,NA,NA,"Mafa","Ins1","All_Groups","Metabolic-immune axis (n=12)","p>0.05",NA
"Colon_vs_Spleen","Colon","Spleen","Colon_Ins1","Spleen_Ins1",NA,NA,NA,"Ins1","Ins1","All_Groups","Metabolic-immune axis (n=12)","p>0.05",NA
"Colon_vs_Spleen","Colon","Spleen","Colon_Ins2","Spleen_Ins1",NA,NA,NA,"Ins2","Ins1","All_Groups","Metabolic-immune axis (n=12)","p>0.05",NA
"Colon_vs_Spleen","Colon","Spleen","Colon_Srr","Spleen_Ins1",NA,NA,NA,"Srr","Ins1","All_Groups","Metabolic-immune axis (n=12)","p>0.05",NA
"Colon_vs_Spleen","Colon","Spleen","Colon_Glp1r","Spleen_Ins1",NA,NA,NA,"Glp1r","Ins1","All_Groups","Metabolic-immune axis (n=12)","p>0.05",NA
"Colon_vs_Spleen","Colon","Spleen","Colon_Zfand6","Spleen_Ins1",NA,NA,NA,"Zfand6","Ins1","All_Groups","Metabolic-immune axis (n=12)","p>0.05",NA
"Colon_vs_Spleen","Colon","Spleen","Colon_Ghrhr","Spleen_Ins1",NA,NA,NA,"Ghrhr","Ins1","All_Groups","Metabolic-immune axis (n=12)","p>0.05",NA
"Colon_vs_Spleen","Colon","Spleen","Colon_Insr","Spleen_Ins1",NA,NA,NA,"Insr","Ins1","All_Groups","Metabolic-immune axis (n=12)","p>0.05",NA
"Colon_vs_Spleen","Colon","Spleen","Colon_Glut1","Spleen_Ins1",NA,NA,NA,"Glut1","Ins1","All_Groups","Metabolic-immune axis (n=12)","p>0.05",NA
"Colon_vs_Spleen","Colon","Spleen","Colon_Tcf19","Spleen_Ins1",NA,NA,NA,"Tcf19","Ins1","All_Groups","Metabolic-immune axis (n=12)","p>0.05",NA
"Colon_vs_Spleen","Colon","Spleen","Colon_Tbc1d4","Spleen_Ins2",0.689482210299691,0.129661682456466,6,"Tbc1d4","Ins2","All_Groups","Metabolic-immune axis (n=12)","p>0.05",FALSE
"Colon_vs_Spleen","Colon","Spleen","Colon_Mafa","Spleen_Ins2",0.867604714133441,0.0251324214195603,6,"Mafa","Ins2","All_Groups","Metabolic-immune axis (n=12)","p<0.05",TRUE
"Colon_vs_Spleen","Colon","Spleen","Colon_Ins1","Spleen_Ins2",NA,NA,NA,"Ins1","Ins2","All_Groups","Metabolic-immune axis (n=12)","p>0.05",NA
"Colon_vs_Spleen","Colon","Spleen","Colon_Ins2","Spleen_Ins2",0.628058209633412,0.567699937551285,3,"Ins2","Ins2","All_Groups","Metabolic-immune axis (n=12)","p>0.05",FALSE
"Colon_vs_Spleen","Colon","Spleen","Colon_Srr","Spleen_Ins2",0.595306615288985,0.212525422704005,6,"Srr","Ins2","All_Groups","Metabolic-immune axis (n=12)","p>0.05",FALSE
"Colon_vs_Spleen","Colon","Spleen","Colon_Glp1r","Spleen_Ins2",0.325934485159589,0.52841081837659,6,"Glp1r","Ins2","All_Groups","Metabolic-immune axis (n=12)","p>0.05",FALSE
"Colon_vs_Spleen","Colon","Spleen","Colon_Zfand6","Spleen_Ins2",0.666418449645719,0.148355057269647,6,"Zfand6","Ins2","All_Groups","Metabolic-immune axis (n=12)","p>0.05",FALSE
"Colon_vs_Spleen","Colon","Spleen","Colon_Ghrhr","Spleen_Ins2",0.921175961631916,0.0090749676354653,6,"Ghrhr","Ins2","All_Groups","Metabolic-immune axis (n=12)","p<0.01",TRUE
"Colon_vs_Spleen","Colon","Spleen","Colon_Insr","Spleen_Ins2",0.482882829015522,0.331974057869905,6,"Insr","Ins2","All_Groups","Metabolic-immune axis (n=12)","p>0.05",FALSE
"Colon_vs_Spleen","Colon","Spleen","Colon_Glut1","Spleen_Ins2",0.681090330777069,0.136337970507103,6,"Glut1","Ins2","All_Groups","Metabolic-immune axis (n=12)","p>0.05",FALSE
"Colon_vs_Spleen","Colon","Spleen","Colon_Tcf19","Spleen_Ins2",0.0823579203633216,0.876742429219887,6,"Tcf19","Ins2","All_Groups","Metabolic-immune axis (n=12)","p>0.05",FALSE
"Colon_vs_Spleen","Colon","Spleen","Colon_Tbc1d4","Spleen_Srr",0.635906126590544,0.0354603939117119,11,"Tbc1d4","Srr","All_Groups","Metabolic-immune axis (n=12)","p<0.05",TRUE
"Colon_vs_Spleen","Colon","Spleen","Colon_Mafa","Spleen_Srr",0.64820878172199,0.0226240078542701,12,"Mafa","Srr","All_Groups","Metabolic-immune axis (n=12)","p<0.05",TRUE
"Colon_vs_Spleen","Colon","Spleen","Colon_Ins1","Spleen_Srr",NA,NA,NA,"Ins1","Srr","All_Groups","Metabolic-immune axis (n=12)","p>0.05",NA
"Colon_vs_Spleen","Colon","Spleen","Colon_Ins2","Spleen_Srr",0.336915477239278,0.513748765504004,6,"Ins2","Srr","All_Groups","Metabolic-immune axis (n=12)","p>0.05",FALSE
"Colon_vs_Spleen","Colon","Spleen","Colon_Srr","Spleen_Srr",0.637697794395958,0.0347846690477482,11,"Srr","Srr","All_Groups","Metabolic-immune axis (n=12)","p<0.05",TRUE
"Colon_vs_Spleen","Colon","Spleen","Colon_Glp1r","Spleen_Srr",0.536846810788685,0.0719094041284382,12,"Glp1r","Srr","All_Groups","Metabolic-immune axis (n=12)","p>0.05",FALSE
"Colon_vs_Spleen","Colon","Spleen","Colon_Zfand6","Spleen_Srr",0.722229656828758,0.00798547348489828,12,"Zfand6","Srr","All_Groups","Metabolic-immune axis (n=12)","p<0.01",TRUE
"Colon_vs_Spleen","Colon","Spleen","Colon_Ghrhr","Spleen_Srr",0.706303091136533,0.0102437372322129,12,"Ghrhr","Srr","All_Groups","Metabolic-immune axis (n=12)","p<0.05",TRUE
"Colon_vs_Spleen","Colon","Spleen","Colon_Insr","Spleen_Srr",0.562923005661418,0.0567017361499429,12,"Insr","Srr","All_Groups","Metabolic-immune axis (n=12)","p>0.05",FALSE
"Colon_vs_Spleen","Colon","Spleen","Colon_Glut1","Spleen_Srr",0.663097919702936,0.0187511679294155,12,"Glut1","Srr","All_Groups","Metabolic-immune axis (n=12)","p<0.05",TRUE
"Colon_vs_Spleen","Colon","Spleen","Colon_Tcf19","Spleen_Srr",0.491010886822976,0.105022814547522,12,"Tcf19","Srr","All_Groups","Metabolic-immune axis (n=12)","p>0.05",FALSE
"Colon_vs_Spleen","Colon","Spleen","Colon_Tbc1d4","Spleen_Glp1r",-0.112938980041164,0.740930051861306,11,"Tbc1d4","Glp1r","All_Groups","Metabolic-immune axis (n=12)","p>0.05",FALSE
"Colon_vs_Spleen","Colon","Spleen","Colon_Mafa","Spleen_Glp1r",0.13276080418324,0.680841196484977,12,"Mafa","Glp1r","All_Groups","Metabolic-immune axis (n=12)","p>0.05",FALSE
"Colon_vs_Spleen","Colon","Spleen","Colon_Ins1","Spleen_Glp1r",NA,NA,NA,"Ins1","Glp1r","All_Groups","Metabolic-immune axis (n=12)","p>0.05",NA
"Colon_vs_Spleen","Colon","Spleen","Colon_Ins2","Spleen_Glp1r",0.0374500596634678,0.943851172489628,6,"Ins2","Glp1r","All_Groups","Metabolic-immune axis (n=12)","p>0.05",FALSE
"Colon_vs_Spleen","Colon","Spleen","Colon_Srr","Spleen_Glp1r",-0.0480356538291096,0.888463480862255,11,"Srr","Glp1r","All_Groups","Metabolic-immune axis (n=12)","p>0.05",FALSE
"Colon_vs_Spleen","Colon","Spleen","Colon_Glp1r","Spleen_Glp1r",-0.147399094581807,0.647564773595926,12,"Glp1r","Glp1r","All_Groups","Metabolic-immune axis (n=12)","p>0.05",FALSE
"Colon_vs_Spleen","Colon","Spleen","Colon_Zfand6","Spleen_Glp1r",0.115283119039837,0.721263015515117,12,"Zfand6","Glp1r","All_Groups","Metabolic-immune axis (n=12)","p>0.05",FALSE
"Colon_vs_Spleen","Colon","Spleen","Colon_Ghrhr","Spleen_Glp1r",0.220285302994365,0.491469729119262,12,"Ghrhr","Glp1r","All_Groups","Metabolic-immune axis (n=12)","p>0.05",FALSE
"Colon_vs_Spleen","Colon","Spleen","Colon_Insr","Spleen_Glp1r",-0.132182057759836,0.682168080683234,12,"Insr","Glp1r","All_Groups","Metabolic-immune axis (n=12)","p>0.05",FALSE
"Colon_vs_Spleen","Colon","Spleen","Colon_Glut1","Spleen_Glp1r",0.0865649536147464,0.789083216606265,12,"Glut1","Glp1r","All_Groups","Metabolic-immune axis (n=12)","p>0.05",FALSE
"Colon_vs_Spleen","Colon","Spleen","Colon_Tcf19","Spleen_Glp1r",-0.1656637930052,0.606866460058704,12,"Tcf19","Glp1r","All_Groups","Metabolic-immune axis (n=12)","p>0.05",FALSE
"Colon_vs_Spleen","Colon","Spleen","Colon_Tbc1d4","Spleen_Zfand6",0.177138198868652,0.60233135999262,11,"Tbc1d4","Zfand6","All_Groups","Metabolic-immune axis (n=12)","p>0.05",FALSE
"Colon_vs_Spleen","Colon","Spleen","Colon_Mafa","Spleen_Zfand6",0.0899454962764905,0.78102012501855,12,"Mafa","Zfand6","All_Groups","Metabolic-immune axis (n=12)","p>0.05",FALSE
"Colon_vs_Spleen","Colon","Spleen","Colon_Ins1","Spleen_Zfand6",NA,NA,NA,"Ins1","Zfand6","All_Groups","Metabolic-immune axis (n=12)","p>0.05",NA
"Colon_vs_Spleen","Colon","Spleen","Colon_Ins2","Spleen_Zfand6",-0.0375258336529235,0.943737671238525,6,"Ins2","Zfand6","All_Groups","Metabolic-immune axis (n=12)","p>0.05",FALSE
"Colon_vs_Spleen","Colon","Spleen","Colon_Srr","Spleen_Zfand6",0.300279150883031,0.369616069462869,11,"Srr","Zfand6","All_Groups","Metabolic-immune axis (n=12)","p>0.05",FALSE
"Colon_vs_Spleen","Colon","Spleen","Colon_Glp1r","Spleen_Zfand6",0.362210412046525,0.247259609662809,12,"Glp1r","Zfand6","All_Groups","Metabolic-immune axis (n=12)","p>0.05",FALSE
"Colon_vs_Spleen","Colon","Spleen","Colon_Zfand6","Spleen_Zfand6",0.260220976375901,0.41401933223683,12,"Zfand6","Zfand6","All_Groups","Metabolic-immune axis (n=12)","p>0.05",FALSE
"Colon_vs_Spleen","Colon","Spleen","Colon_Ghrhr","Spleen_Zfand6",0.114401301499057,0.723320874493209,12,"Ghrhr","Zfand6","All_Groups","Metabolic-immune axis (n=12)","p>0.05",FALSE
"Colon_vs_Spleen","Colon","Spleen","Colon_Insr","Spleen_Zfand6",0.369331991513035,0.237392909651031,12,"Insr","Zfand6","All_Groups","Metabolic-immune axis (n=12)","p>0.05",FALSE
"Colon_vs_Spleen","Colon","Spleen","Colon_Glut1","Spleen_Zfand6",0.166309623545078,0.605445161231644,12,"Glut1","Zfand6","All_Groups","Metabolic-immune axis (n=12)","p>0.05",FALSE
"Colon_vs_Spleen","Colon","Spleen","Colon_Tcf19","Spleen_Zfand6",0.374503047296881,0.230377413863759,12,"Tcf19","Zfand6","All_Groups","Metabolic-immune axis (n=12)","p>0.05",FALSE
"Colon_vs_Spleen","Colon","Spleen","Colon_Tbc1d4","Spleen_Ghrhr",0.811133717888908,0.00244534771096926,11,"Tbc1d4","Ghrhr","All_Groups","Metabolic-immune axis (n=12)","p<0.01",TRUE
"Colon_vs_Spleen","Colon","Spleen","Colon_Mafa","Spleen_Ghrhr",0.776451359830703,0.00297890912851714,12,"Mafa","Ghrhr","All_Groups","Metabolic-immune axis (n=12)","p<0.01",TRUE
"Colon_vs_Spleen","Colon","Spleen","Colon_Ins1","Spleen_Ghrhr",NA,NA,NA,"Ins1","Ghrhr","All_Groups","Metabolic-immune axis (n=12)","p>0.05",NA
"Colon_vs_Spleen","Colon","Spleen","Colon_Ins2","Spleen_Ghrhr",0.50063878479959,0.311781673265303,6,"Ins2","Ghrhr","All_Groups","Metabolic-immune axis (n=12)","p>0.05",FALSE
"Colon_vs_Spleen","Colon","Spleen","Colon_Srr","Spleen_Ghrhr",0.810275481397325,0.00249245500887159,11,"Srr","Ghrhr","All_Groups","Metabolic-immune axis (n=12)","p<0.01",TRUE
"Colon_vs_Spleen","Colon","Spleen","Colon_Glp1r","Spleen_Ghrhr",0.76369791598513,0.00384087402578563,12,"Glp1r","Ghrhr","All_Groups","Metabolic-immune axis (n=12)","p<0.01",TRUE
"Colon_vs_Spleen","Colon","Spleen","Colon_Zfand6","Spleen_Ghrhr",0.84569716003922,0.000528487293681747,12,"Zfand6","Ghrhr","All_Groups","Metabolic-immune axis (n=12)","p<0.001",TRUE
"Colon_vs_Spleen","Colon","Spleen","Colon_Ghrhr","Spleen_Ghrhr",0.822829788278099,0.00101265554669264,12,"Ghrhr","Ghrhr","All_Groups","Metabolic-immune axis (n=12)","p<0.01",TRUE
"Colon_vs_Spleen","Colon","Spleen","Colon_Insr","Spleen_Ghrhr",0.749051826507261,0.00505060476860216,12,"Insr","Ghrhr","All_Groups","Metabolic-immune axis (n=12)","p<0.01",TRUE
"Colon_vs_Spleen","Colon","Spleen","Colon_Glut1","Spleen_Ghrhr",0.788244120653833,0.00232098213986396,12,"Glut1","Ghrhr","All_Groups","Metabolic-immune axis (n=12)","p<0.01",TRUE
"Colon_vs_Spleen","Colon","Spleen","Colon_Tcf19","Spleen_Ghrhr",0.688415369469653,0.0133119266992613,12,"Tcf19","Ghrhr","All_Groups","Metabolic-immune axis (n=12)","p<0.05",TRUE
"Colon_vs_Spleen","Colon","Spleen","Colon_Tbc1d4","Spleen_Insr",0.66066081884003,0.0269034796638332,11,"Tbc1d4","Insr","All_Groups","Metabolic-immune axis (n=12)","p<0.05",TRUE
"Colon_vs_Spleen","Colon","Spleen","Colon_Mafa","Spleen_Insr",0.624740270540016,0.0298646285909037,12,"Mafa","Insr","All_Groups","Metabolic-immune axis (n=12)","p<0.05",TRUE
"Colon_vs_Spleen","Colon","Spleen","Colon_Ins1","Spleen_Insr",NA,NA,NA,"Ins1","Insr","All_Groups","Metabolic-immune axis (n=12)","p>0.05",NA
"Colon_vs_Spleen","Colon","Spleen","Colon_Ins2","Spleen_Insr",0.537471298543146,0.271424169491533,6,"Ins2","Insr","All_Groups","Metabolic-immune axis (n=12)","p>0.05",FALSE
"Colon_vs_Spleen","Colon","Spleen","Colon_Srr","Spleen_Insr",0.640988843238617,0.0335669819167321,11,"Srr","Insr","All_Groups","Metabolic-immune axis (n=12)","p<0.05",TRUE
"Colon_vs_Spleen","Colon","Spleen","Colon_Glp1r","Spleen_Insr",0.601317546429854,0.0386215786884749,12,"Glp1r","Insr","All_Groups","Metabolic-immune axis (n=12)","p<0.05",TRUE
"Colon_vs_Spleen","Colon","Spleen","Colon_Zfand6","Spleen_Insr",0.726431497514994,0.00745750633451334,12,"Zfand6","Insr","All_Groups","Metabolic-immune axis (n=12)","p<0.01",TRUE
"Colon_vs_Spleen","Colon","Spleen","Colon_Ghrhr","Spleen_Insr",0.644870429876224,0.0235665344684889,12,"Ghrhr","Insr","All_Groups","Metabolic-immune axis (n=12)","p<0.05",TRUE
"Colon_vs_Spleen","Colon","Spleen","Colon_Insr","Spleen_Insr",0.612394946320407,0.0342792542670497,12,"Insr","Insr","All_Groups","Metabolic-immune axis (n=12)","p<0.05",TRUE
"Colon_vs_Spleen","Colon","Spleen","Colon_Glut1","Spleen_Insr",0.658177936013935,0.0199725173872288,12,"Glut1","Insr","All_Groups","Metabolic-immune axis (n=12)","p<0.05",TRUE
"Colon_vs_Spleen","Colon","Spleen","Colon_Tcf19","Spleen_Insr",0.550268341713542,0.0637699721823713,12,"Tcf19","Insr","All_Groups","Metabolic-immune axis (n=12)","p>0.05",FALSE
"Colon_vs_Spleen","Colon","Spleen","Colon_Tbc1d4","Spleen_Glut1",0.443726448704904,0.171594020830243,11,"Tbc1d4","Glut1","All_Groups","Metabolic-immune axis (n=12)","p>0.05",FALSE
"Colon_vs_Spleen","Colon","Spleen","Colon_Mafa","Spleen_Glut1",0.578642476559876,0.0487068469202508,12,"Mafa","Glut1","All_Groups","Metabolic-immune axis (n=12)","p<0.05",TRUE
"Colon_vs_Spleen","Colon","Spleen","Colon_Ins1","Spleen_Glut1",NA,NA,NA,"Ins1","Glut1","All_Groups","Metabolic-immune axis (n=12)","p>0.05",NA
"Colon_vs_Spleen","Colon","Spleen","Colon_Ins2","Spleen_Glut1",0.329865769924928,0.523147927547404,6,"Ins2","Glut1","All_Groups","Metabolic-immune axis (n=12)","p>0.05",FALSE
"Colon_vs_Spleen","Colon","Spleen","Colon_Srr","Spleen_Glut1",0.436820543867617,0.179157421291971,11,"Srr","Glut1","All_Groups","Metabolic-immune axis (n=12)","p>0.05",FALSE
"Colon_vs_Spleen","Colon","Spleen","Colon_Glp1r","Spleen_Glut1",0.298081914443856,0.34668368735744,12,"Glp1r","Glut1","All_Groups","Metabolic-immune axis (n=12)","p>0.05",FALSE
"Colon_vs_Spleen","Colon","Spleen","Colon_Zfand6","Spleen_Glut1",0.588539899166008,0.0441008909361685,12,"Zfand6","Glut1","All_Groups","Metabolic-immune axis (n=12)","p<0.05",TRUE
"Colon_vs_Spleen","Colon","Spleen","Colon_Ghrhr","Spleen_Glut1",0.630612113570004,0.0279154385416129,12,"Ghrhr","Glut1","All_Groups","Metabolic-immune axis (n=12)","p<0.05",TRUE
"Colon_vs_Spleen","Colon","Spleen","Colon_Insr","Spleen_Glut1",0.317020481372653,0.315364406491337,12,"Insr","Glut1","All_Groups","Metabolic-immune axis (n=12)","p>0.05",FALSE
"Colon_vs_Spleen","Colon","Spleen","Colon_Glut1","Spleen_Glut1",0.554402446034135,0.0613972815932014,12,"Glut1","Glut1","All_Groups","Metabolic-immune axis (n=12)","p>0.05",FALSE
"Colon_vs_Spleen","Colon","Spleen","Colon_Tcf19","Spleen_Glut1",0.249872817017203,0.433477842360286,12,"Tcf19","Glut1","All_Groups","Metabolic-immune axis (n=12)","p>0.05",FALSE
"Colon_vs_Spleen","Colon","Spleen","Colon_Tbc1d4","Spleen_Tcf19",-0.206334417646472,0.542720649003102,11,"Tbc1d4","Tcf19","All_Groups","Metabolic-immune axis (n=12)","p>0.05",FALSE
"Colon_vs_Spleen","Colon","Spleen","Colon_Mafa","Spleen_Tcf19",-0.345198731536627,0.271787540826104,12,"Mafa","Tcf19","All_Groups","Metabolic-immune axis (n=12)","p>0.05",FALSE
"Colon_vs_Spleen","Colon","Spleen","Colon_Ins1","Spleen_Tcf19",NA,NA,NA,"Ins1","Tcf19","All_Groups","Metabolic-immune axis (n=12)","p>0.05",NA
"Colon_vs_Spleen","Colon","Spleen","Colon_Ins2","Spleen_Tcf19",-0.383537461580428,0.452903176712556,6,"Ins2","Tcf19","All_Groups","Metabolic-immune axis (n=12)","p>0.05",FALSE
"Colon_vs_Spleen","Colon","Spleen","Colon_Srr","Spleen_Tcf19",-0.110973110540503,0.745309340369689,11,"Srr","Tcf19","All_Groups","Metabolic-immune axis (n=12)","p>0.05",FALSE
"Colon_vs_Spleen","Colon","Spleen","Colon_Glp1r","Spleen_Tcf19",0.0789865295542934,0.807226991982996,12,"Glp1r","Tcf19","All_Groups","Metabolic-immune axis (n=12)","p>0.05",FALSE
"Colon_vs_Spleen","Colon","Spleen","Colon_Zfand6","Spleen_Tcf19",-0.224447865629288,0.483106671585446,12,"Zfand6","Tcf19","All_Groups","Metabolic-immune axis (n=12)","p>0.05",FALSE
"Colon_vs_Spleen","Colon","Spleen","Colon_Ghrhr","Spleen_Tcf19",-0.362471823076392,0.246893238229208,12,"Ghrhr","Tcf19","All_Groups","Metabolic-immune axis (n=12)","p>0.05",FALSE
"Colon_vs_Spleen","Colon","Spleen","Colon_Insr","Spleen_Tcf19",0.0873894176655334,0.787114965756824,12,"Insr","Tcf19","All_Groups","Metabolic-immune axis (n=12)","p>0.05",FALSE
"Colon_vs_Spleen","Colon","Spleen","Colon_Glut1","Spleen_Tcf19",-0.293515073762166,0.354475755135223,12,"Glut1","Tcf19","All_Groups","Metabolic-immune axis (n=12)","p>0.05",FALSE
"Colon_vs_Spleen","Colon","Spleen","Colon_Tcf19","Spleen_Tcf19",0.0869273207201295,0.788217994066333,12,"Tcf19","Tcf19","All_Groups","Metabolic-immune axis (n=12)","p>0.05",FALSE
